time,X_value,Y_value,Z_value
0.000,0.00000,0.00000,0.00000
0.025,-0.09132,3.22126,-43.53027
0.141,-0.10509,3.24557,-43.53385
0.261,-0.10386,3.24785,-43.51885
0.323,-0.11104,3.25903,-43.52185
0.441,-0.11136,3.27914,-43.54081
0.563,-0.13211,3.26925,-43.55827
0.621,-0.12711,3.16214,-43.56325
0.746,-0.14307,2.97535,-43.55525
0.862,-0.15110,2.75790,-43.55872
0.923,-0.16351,2.71442,-43.56523
1.044,-0.15936,2.60931,-43.56450
1.162,-0.16420,2.47100,-43.56163
1.223,-0.20051,2.45264,-43.56951
1.346,-0.14589,2.34547,-43.60334
1.462,-0.14982,2.27698,-43.63564
1.525,-0.12114,2.30048,-43.65487
1.644,-0.19843,2.33348,-43.67395
1.765,-0.13500,2.12135,-43.72924
1.824,-0.15454,2.12803,-43.73671
1.944,-0.13783,2.04222,-43.77355
2.063,-0.12832,1.95628,-43.80680
2.124,-0.13320,1.89063,-43.81599
2.246,-0.12418,1.79668,-43.86344
2.364,-0.10531,1.63520,-43.88983
2.424,-0.08758,1.50520,-43.90355
2.545,-0.09757,1.26206,-43.94112
2.664,-0.15986,1.13867,-43.96470
2.726,-0.19304,1.10669,-44.00560
2.845,-0.20964,0.86059,-44.04670
2.965,-0.19097,0.61509,-44.08171
3.025,-0.17109,0.65262,-44.10322
3.146,-0.08157,0.73028,-44.15625
3.264,-0.09811,0.24505,-44.21620
3.329,-0.11585,0.12428,-44.24157
3.445,0.00790,-0.20288,-44.27498
3.564,-0.21636,-0.66430,-44.32048
3.625,-0.29053,-0.70561,-44.34494
3.745,-0.33291,-1.00231,-44.38636
3.865,-0.15626,-1.31206,-44.40343
3.925,-0.20695,-1.63456,-44.42056
4.046,-0.18422,-2.20019,-44.44344
4.165,-0.16769,-2.61211,-44.43413
4.227,0.01283,-3.05522,-44.43575
4.346,-0.06385,-3.41964,-44.44444
4.466,0.07530,-2.92864,-44.46502
4.526,-0.03961,-2.56804,-44.45538
4.646,-0.06555,-2.73076,-44.41129
4.766,-0.25188,-3.28089,-44.41575
4.828,-0.37807,-3.17374,-44.42647
4.947,-0.24657,-3.01163,-44.42971
5.066,-0.26443,-3.06637,-44.41469
5.126,-0.17305,-3.11435,-44.41810
5.248,-0.21499,-3.00096,-44.43961
5.368,0.04889,-2.76698,-44.43836
5.428,0.05833,-2.98472,-44.43122
5.550,0.19159,-3.34072,-44.42578
5.668,0.27617,-3.97300,-44.42390
5.727,0.16584,-3.95668,-44.44082
5.848,0.08488,-3.58140,-44.45826
5.967,0.13468,-2.40801,-44.45869
6.027,0.01763,-2.11738,-44.47664
6.150,-0.03669,-1.72484,-44.54145
6.267,0.08665,-1.50428,-44.56501
6.327,0.16005,-1.12541,-44.56356
6.449,0.07016,-0.84408,-44.59096
6.569,0.04185,-0.61771,-44.63934
6.630,0.07417,-0.37958,-44.72971
6.747,0.11117,-0.18632,-44.84621
6.868,0.16500,0.08652,-44.93726
6.928,0.16846,0.11839,-44.98841
7.048,0.01781,0.19461,-45.11729
7.167,0.07382,0.20486,-45.24437
7.228,0.07634,0.02763,-45.28093
7.349,0.04847,-0.63415,-45.35898
7.468,0.04255,-0.36736,-45.41340
7.528,-0.11936,-0.76728,-45.46936
7.649,-0.22835,-0.94966,-45.59362
7.770,-0.01358,-1.01518,-45.65900
7.832,-0.27326,-1.08749,-45.71474
7.949,-0.35109,-0.97401,-45.79738
8.071,-0.27429,-1.17809,-45.90382
8.129,-0.39483,-0.96339,-45.95776
8.249,-0.27038,-1.29966,-46.03370
8.369,-0.16182,-1.28465,-46.11100
8.440,-0.05987,-1.48132,-46.15265
8.551,-0.24579,-1.44133,-46.30251
8.669,-0.26065,-1.52282,-46.40432
8.744,-0.35973,-1.32462,-46.47304
8.849,-0.51191,-1.87495,-46.57823
8.970,-0.58457,-1.88208,-46.69048
9.053,-0.61711,-1.85009,-46.78694
9.151,-0.51274,-1.92456,-46.86807
9.272,-0.68481,-2.50666,-46.96130
9.353,-0.59202,-2.34344,-47.01094
9.450,-0.57603,-2.26395,-47.12861
9.570,-0.46354,-2.56698,-47.25901
9.631,-0.43336,-2.56697,-47.31021
9.751,-0.09146,-2.42424,-47.42263
9.870,-0.05315,-2.17410,-47.52478
9.937,0.05827,-2.18340,-47.57471
10.050,0.46488,-2.20685,-47.75581
10.171,0.68802,-2.24748,-47.84025
10.238,0.23880,-2.43535,-47.91490
10.351,0.30559,-2.21543,-48.03598
10.474,0.16406,-2.24692,-48.22810
10.533,0.17855,-2.02233,-48.30392
10.651,-0.02048,-2.41468,-48.42808
10.772,-0.13635,-2.47556,-48.57641
10.838,-0.20593,-2.24940,-48.63166
10.954,-0.47500,-2.11066,-48.73667
11.071,-0.56406,-2.21073,-48.76312
11.141,-0.55587,-2.29669,-48.78162
11.251,-0.37862,-1.86396,-48.80949
11.374,-0.46321,-2.27916,-48.80426
11.434,-0.34687,-2.63613,-48.75107
11.552,-0.43715,-2.44828,-48.71255
11.674,-0.48304,-2.62721,-48.71667
11.742,-0.31058,-2.47575,-48.71341
11.852,-0.13457,-2.25369,-48.67654
11.972,-0.21379,-2.30110,-48.67213
12.048,-0.07020,-2.11090,-48.66814
12.154,-0.12142,-1.92862,-48.62910
12.273,-0.25722,-1.63834,-48.56152
12.350,-0.28359,-1.58748,-48.49636
12.453,-0.22023,-1.76055,-48.21525
12.574,-0.19036,-1.65903,-48.03281
12.643,-0.04263,-1.39978,-47.93438
12.753,0.09683,-1.05348,-47.71397
12.875,0.38638,-0.96232,-47.34978
12.952,0.42020,-0.99667,-47.23334
13.054,0.77057,-1.01153,-46.99526
13.174,0.91599,-0.74947,-46.74997
13.260,0.93795,-0.65712,-46.62410
13.359,1.19233,-0.71876,-46.25679
13.475,1.31263,-0.35745,-45.97578
13.544,1.33433,-0.11553,-45.84838
13.654,1.15180,0.03717,-45.57539
13.776,1.19285,0.23422,-45.28864
13.851,1.19455,0.04294,-45.00769
13.954,1.28678,0.15902,-44.69608
14.076,1.30397,0.38771,-44.40253
14.148,1.31345,0.62515,-44.27520
14.255,1.20794,0.54582,-43.98888
14.375,1.01797,0.58016,-43.55475
14.448,0.97479,0.69373,-43.40263
14.556,0.87313,0.64457,-43.09474
14.675,0.90199,0.73292,-42.78398
14.748,0.94509,0.58497,-42.62375
14.856,0.86571,0.51531,-42.13832
14.975,0.83214,0.54218,-41.83331
15.038,0.77287,0.68998,-41.66688
15.156,0.83040,1.19140,-41.33912
15.278,0.65496,1.49562,-40.83488
15.335,0.61677,1.70450,-40.67416
15.455,0.56044,1.79915,-40.35318
15.578,0.52420,2.28328,-40.02488
15.653,0.50024,2.28689,-39.85966
15.770,0.38581,2.59730,-39.34462
15.876,0.44932,2.81132,-39.03038
15.936,0.45677,2.88047,-38.86405
16.065,0.50227,3.09129,-38.53753
16.178,0.50586,3.64798,-38.20836
16.239,0.47268,3.49780,-37.87966
16.378,0.36521,3.22544,-37.55502
16.479,0.36582,2.65881,-37.23935
16.537,0.33691,2.56886,-37.07687
16.671,0.26176,2.48670,-36.73444
16.778,-0.13640,2.41792,-36.06594
16.837,-0.19889,2.25075,-35.83249
16.972,-0.32753,2.09663,-35.36610
17.077,-0.42695,1.80782,-34.90359
17.143,-0.44714,1.77987,-34.67796
17.275,-0.68384,1.73447,-33.97023
17.378,-0.89242,1.53694,-33.51285
17.437,-0.99615,1.51128,-33.26320
17.572,-1.09362,1.24170,-32.77142
17.679,-1.31404,1.04757,-32.24813
17.740,-1.21443,1.40836,-31.73227
17.882,-1.25142,1.21672,-31.20354
17.980,-1.30089,1.41894,-30.67529
18.038,-1.21800,1.59446,-30.42320
18.170,-1.33173,1.64182,-29.87331
18.278,-1.51199,1.60048,-29.06367
18.339,-1.69691,1.24879,-28.79087
18.480,-1.46205,1.46787,-28.26976
18.579,-1.73137,1.69879,-27.66994
18.638,-1.89583,1.54879,-27.37754
18.794,-2.17357,1.39562,-26.43288
18.880,-2.32180,1.50902,-25.76778
18.941,-2.43304,1.50223,-25.43099
19.080,-2.57922,1.51095,-24.79037
19.182,-2.59638,1.82351,-23.83750
19.239,-2.68803,1.89256,-23.51122
19.374,-2.96314,2.02576,-22.91108
19.479,-3.09303,2.34304,-22.30120
19.539,-3.16292,2.40030,-21.99849
19.691,-3.20470,2.10113,-21.14419
19.780,-3.29722,1.93065,-20.59840
19.840,-3.34753,1.70401,-20.32939
19.971,-3.13981,1.69952,-19.81747
20.080,-3.02312,1.72622,-19.27145
20.142,-3.09586,1.93623,-18.73244
20.260,-3.21037,1.83903,-18.19959
20.381,-3.22603,1.96286,-17.67632
20.440,-3.20254,1.67438,-17.41586
20.560,-3.33291,1.75491,-16.87572
20.623,-3.43249,2.14660,-16.31413
20.740,-3.47506,2.23866,-15.76066
20.868,-3.60792,2.48242,-15.21056
20.981,-3.63670,2.31326,-14.68035
21.041,-3.62696,2.03929,-14.41164
21.181,-3.58051,2.33979,-13.60106
21.282,-3.70527,2.36749,-13.09067
21.343,-3.70914,2.34063,-12.84268
21.483,-3.78505,2.42297,-12.29174
21.521,-3.95673,2.19993,-12.01395
21.641,-4.31496,2.84508,-11.22285
21.775,-4.29024,3.02587,-10.70696
21.824,-4.37013,2.76007,-10.42478
21.942,-4.49119,2.69553,-9.91112
22.064,-4.45908,2.23369,-9.14179
22.124,-4.28615,2.15335,-8.88140
22.242,-4.23270,2.08762,-8.40138
22.362,-4.29464,1.55123,-7.92733
22.422,-3.97573,1.85872,-7.70486
22.545,-3.67897,2.27412,-6.99209
22.662,-3.68209,1.97112,-6.58961
22.724,-3.61328,2.01058,-6.40386
22.843,-3.35974,3.04746,-6.02017
22.963,-3.37702,3.20603,-5.59968
23.027,-3.33373,3.23278,-5.24381
23.145,-3.19004,3.23470,-4.92837
23.264,-3.12562,2.67300,-4.65101
23.324,-3.04367,2.83648,-4.49693
23.443,-2.81760,2.94180,-4.20720
23.563,-2.46308,2.85648,-3.82631
23.624,-2.26062,2.62065,-3.73612
23.745,-1.70643,2.81672,-3.61920
23.869,-1.32450,3.00126,-3.52861
23.924,-1.09956,3.01077,-3.50533
24.049,-0.86390,2.95666,-3.40287
24.165,-0.68804,2.83339,-3.38486
24.245,-0.55704,2.79733,-3.37366
24.346,-0.45418,2.96993,-3.36368
24.467,-0.15145,3.30639,-3.33474
24.546,-0.06450,3.24350,-3.31499
24.645,0.04384,3.20790,-3.29714
24.767,0.16071,3.20752,-3.29789
24.845,0.25383,3.24202,-3.28684
24.947,0.26681,3.18557,-3.28428
25.065,0.27053,3.25142,-3.28001
25.138,0.21865,3.08123,-3.26775
25.246,0.46664,3.38510,-3.26629
25.366,0.53397,3.70567,-3.24495
25.431,0.57375,4.09002,-3.25874
25.547,0.76971,4.69825,-3.24253
25.667,0.85044,5.12453,-3.23037
25.753,0.78247,5.14198,-3.21862
25.846,0.80263,5.32343,-3.23768
25.968,0.88788,5.71102,-3.22648
26.052,0.83741,5.83788,-3.22598
26.148,0.82588,6.24188,-3.19894
26.267,0.68263,6.27804,-3.18505
26.340,0.70550,6.30144,-3.17777
26.446,0.83307,6.77233,-3.17130
26.567,0.81491,7.01640,-3.13240
26.657,0.87428,7.46912,-3.15028
26.747,0.99354,7.93801,-3.13637
26.869,1.04496,8.43935,-3.10562
26.947,1.05228,8.49180,-3.09019
27.048,1.15917,9.03747,-3.08606
27.167,1.10113,9.32208,-3.07860
27.247,1.07145,9.29410,-3.06262
27.350,1.28094,9.69797,-3.07661
27.468,1.29135,10.24433,-3.05006
27.527,1.19462,10.47580,-3.04526
27.648,1.20006,10.89785,-3.06482
27.767,1.24289,11.17721,-3.05009
27.839,1.24449,11.28006,-3.06073
27.948,1.23614,11.44622,-3.05558
28.069,1.29439,11.61734,-3.04124
28.136,1.30377,11.57724,-3.05373
28.247,1.27757,11.62361,-3.05989
28.369,1.15144,11.66772,-3.04839
28.436,1.14903,11.64244,-3.06314
28.549,1.31610,11.46056,-3.14435
28.669,1.44426,11.36427,-3.26822
28.746,1.50282,11.24934,-3.36612
28.849,1.68875,11.06825,-3.75592
28.969,1.88140,11.08669,-4.07792
29.034,2.05986,11.07980,-4.31181
29.149,2.44845,10.97214,-4.84880
29.271,3.09189,10.84811,-5.85359
29.344,3.29633,10.94524,-6.24693
29.450,3.44915,10.66149,-7.03850
29.570,3.69222,10.42623,-7.83940
29.635,3.85768,10.29236,-8.24401
29.753,4.25065,9.99784,-9.43717
29.869,4.25746,9.96120,-10.26476
29.946,4.23249,9.97259,-10.67253
30.051,4.15051,9.89163,-11.45359
30.170,4.15922,9.72847,-12.27012
30.248,4.21669,9.54353,-13.04553
30.350,4.34516,9.24489,-13.89604
30.470,4.60865,8.91958,-14.87614
30.553,4.76627,8.61165,-15.42057
30.651,5.01908,8.30291,-16.56030
30.770,5.14930,8.00580,-18.34485
30.843,5.14793,7.87753,-18.94930
30.950,5.15882,7.71977,-20.21528
31.072,5.38667,7.59370,-21.58620
31.156,5.40490,7.54741,-22.28398
31.259,6.10461,7.22270,-24.56169
31.371,6.71275,6.90530,-26.24439
31.453,7.03230,6.80002,-27.15235
31.552,7.53098,6.54875,-29.06730
31.671,7.89632,6.58046,-31.09177
31.758,7.94997,6.64440,-33.04613
31.852,8.24384,6.79627,-34.99382
31.973,8.68021,7.01074,-36.99820
32.044,9.14358,7.13624,-38.04490
32.153,9.79887,7.09868,-40.15385
32.271,10.35188,6.76512,-43.59814
32.334,10.46882,6.64522,-44.79767
32.454,10.47044,6.23406,-47.13769
32.574,10.55097,5.67796,-49.48100
32.645,10.53994,5.37117,-50.63278
32.752,10.95471,4.94280,-54.12858
32.872,11.13045,4.75470,-56.39004
32.953,11.11526,4.59119,-57.54871
33.054,11.10132,4.41461,-59.83904
33.176,10.89320,3.99512,-63.15234
33.244,10.88444,3.92040,-64.23169
33.354,10.79675,3.63499,-66.39827
33.473,10.44024,3.89961,-68.49424
33.535,10.74883,3.88318,-69.49626
33.656,9.93745,3.16840,-72.38006
33.774,9.74130,3.30603,-74.43832
33.837,9.95621,3.54841,-75.50301
33.954,10.73292,3.83269,-77.62476
34.076,11.42561,3.94715,-79.64997
34.138,11.22007,3.85607,-81.63763
34.256,10.63945,4.08849,-83.58309
34.377,9.43095,3.87867,-85.43256
34.448,9.21153,3.71822,-86.34817
34.554,9.17161,2.98590,-88.29087
34.676,9.98661,1.46333,-91.23605
34.744,10.24168,0.73456,-92.15662
34.855,10.22679,-0.78507,-93.95959
34.975,8.49513,-1.40007,-95.84765
35.054,7.99047,-0.79310,-96.87219
35.155,7.67816,0.32160,-99.79324
35.275,8.02741,-0.34276,-101.64389
35.359,8.28711,-0.14441,-102.56126
35.459,8.01149,-0.47185,-104.29950
35.577,7.20538,-0.44761,-106.50343
35.653,6.93288,-0.41055,-107.17184
35.755,6.46481,-0.79442,-108.41814
35.875,6.33448,-0.81431,-109.56745
35.946,6.33142,-0.93892,-110.12884
36.059,6.08554,-0.85646,-111.73608
36.176,5.81889,-1.04807,-112.74074
36.253,5.81704,-1.13096,-113.20490
36.355,5.49942,-1.53112,-114.11241
36.475,5.24815,-1.46974,-115.02045
36.561,5.22382,-1.27680,-115.89271
36.655,5.22364,-1.14413,-116.76711
36.778,5.20538,-1.26883,-117.64612
36.842,5.02451,-1.06377,-118.06330
36.957,4.48919,-1.67903,-118.82404
37.077,3.76446,-1.69936,-119.77260
37.149,3.56043,-1.51130,-120.05787
37.259,3.45636,-1.76297,-120.55865
37.376,3.51052,-2.21267,-121.02136
37.440,3.46109,-2.70870,-121.25509
37.557,3.10197,-2.66121,-122.01819
37.678,2.94683,-2.76313,-122.48370
37.745,2.57393,-2.41188,-122.73331
37.857,2.20540,-2.39336,-123.13154
37.979,2.07252,-2.36390,-123.44045
38.040,1.99100,-2.44250,-123.50605
38.158,1.64468,-2.45617,-123.65059
38.278,1.79072,-2.71913,-123.82278
38.345,1.85014,-2.56678,-123.90459
38.460,2.21568,-2.63348,-124.09588
38.579,2.27631,-2.63081,-124.25010
38.661,2.24426,-2.59534,-124.31830
38.761,2.14079,-2.56743,-124.48104
38.877,2.04354,-2.48865,-124.64565
38.958,2.11015,-2.42545,-124.79717
39.059,2.02673,-2.33581,-124.94752
39.181,1.77740,-2.44105,-125.02126
39.263,1.53944,-2.68716,-125.08640
39.358,1.48054,-2.23388,-125.16923
39.479,1.04834,-2.47732,-125.31053
39.556,0.83621,-3.04300,-125.38572
39.660,0.46453,-3.01882,-125.46012
39.779,0.02280,-2.14766,-125.55493
39.848,-0.15577,-1.27720,-125.60644
39.959,-0.62388,-1.69723,-125.75594
40.079,-0.73131,-1.71602,-125.77803
40.157,-0.57383,-2.28674,-125.76960
40.259,-0.72612,-2.04762,-125.76875
40.382,-0.40435,-2.23101,-125.81528
40.451,-0.30214,-1.82165,-125.81155
40.560,-0.04340,-1.57707,-125.82263
40.680,0.21671,-1.25212,-125.85576
40.772,-0.19011,-1.60899,-125.89613
40.862,-0.13175,-2.11545,-125.90479
40.980,0.02382,-2.66590,-125.94306
41.061,0.07939,-2.56108,-125.94654
41.160,0.05446,-1.85035,-125.99198
41.281,-0.05598,-1.51746,-126.01962
41.343,-0.08421,-1.21029,-126.04569
41.460,-0.06021,-0.91147,-126.06937
41.582,-0.02450,-0.45008,-126.08910
41.666,-0.11543,-0.53031,-126.11081
41.761,-0.20918,-0.30353,-126.14843
41.823,-0.16147,0.15154,-126.17905
41.941,-0.23905,0.35081,-126.19183
42.063,-0.19858,0.78225,-126.21855
42.181,-0.33786,0.40620,-126.21094
42.248,-0.25938,-0.20906,-126.20358
42.362,-0.46740,-1.00263,-126.25502
42.422,-0.61089,-1.14870,-126.25527
42.556,-0.56411,-1.47118,-126.21326
42.661,-0.11606,-1.14499,-126.16986
42.721,-0.05174,-1.04025,-126.16737
42.854,-0.29291,-0.84165,-126.16858
42.963,-0.36096,-1.11404,-126.17466
43.021,-0.42304,-1.38906,-126.17729
43.152,-0.66631,-1.78148,-126.18107
43.265,-0.81452,-1.61344,-126.22576
43.322,-0.78014,-1.84962,-126.22788
43.455,-0.75986,-1.67512,-126.23705
43.563,-0.77315,-1.42183,-126.25555
43.622,-0.58884,-1.42118,-126.25516
43.769,-0.48563,-0.98973,-126.27484
43.869,-0.36072,-0.75563,-126.29117
43.923,-0.40981,-0.74167,-126.29614
44.058,-0.02500,-0.93222,-126.31379
44.163,0.01309,-0.85204,-126.32316
44.222,0.19640,-0.84866,-126.32817
44.346,0.52198,-0.95635,-126.34166
44.475,0.78683,-0.93469,-126.35570
44.525,0.68533,-0.92090,-126.35687
44.643,0.92616,-0.92765,-126.37944
44.793,0.88505,-0.50333,-126.39442
44.824,0.76680,-0.60714,-126.40221
44.943,0.28680,-0.85472,-126.40111
45.084,-0.22551,-1.27273,-126.41393
45.123,-0.36277,-1.07131,-126.41246
45.246,-0.21078,-0.39651,-126.39439
45.372,-0.17604,-0.60939,-126.36966
45.424,-0.37068,-0.73984,-126.35448
45.545,-0.74718,-0.59848,-126.30521
45.672,-0.57915,-0.48594,-126.25108
45.727,-0.62624,-0.46465,-126.20891
45.844,-0.64050,-0.44278,-126.16628
45.989,-0.69484,-0.20721,-126.14110
46.024,-0.67576,-0.11832,-126.12539
46.145,-0.86685,-0.40253,-126.08905
46.265,-1.15178,-0.51228,-126.03125
46.327,-1.25290,-0.63420,-126.00602
46.446,-1.43391,-0.64756,-125.95801
46.589,-1.50226,-0.44569,-125.90894
46.625,-1.51656,-0.58104,-125.89924
46.745,-1.40578,-0.82889,-125.82763
46.894,-1.46590,-0.46502,-125.74821
46.926,-1.39696,-0.05406,-125.71027
47.045,-1.30949,0.30398,-125.64490
47.176,-1.13341,0.99008,-125.52938
47.226,-0.90881,0.78665,-125.49620
47.346,-0.79841,0.97076,-125.45580
47.482,-0.70514,1.44459,-125.47368
47.526,-0.55687,1.53575,-125.50259
47.648,-0.18177,1.57918,-125.58577
47.777,0.01733,1.57161,-125.64093
47.827,0.08694,1.59606,-125.66749
47.946,0.30565,1.42701,-125.70713
48.067,0.52067,1.39919,-125.75676
48.128,0.63552,1.44400,-125.79860
48.246,0.67240,1.75208,-125.84969
48.368,0.47959,1.28991,-125.91604
48.427,0.30115,1.44611,-125.95952
48.546,-0.25337,1.14938,-126.01853
48.667,-1.23655,1.08418,-126.06742
48.727,-1.48559,1.06321,-126.06873
48.848,-2.00677,0.38414,-126.09311
48.967,-2.11065,-0.02559,-126.12926
49.028,-2.00753,-0.03244,-126.12978
49.147,-1.82346,0.40042,-126.11763
49.269,-1.79489,0.55369,-126.11974
49.329,-1.69562,0.84199,-126.12076
49.447,-1.57686,0.38500,-126.12077
49.570,-1.37825,0.36759,-126.15089
49.628,-1.21710,0.69257,-126.16227
49.748,-1.18056,0.88027,-126.16132
49.868,-1.21271,1.06763,-126.15377
49.930,-1.26759,1.10166,-126.12432
50.052,-1.57451,0.91036,-126.00382
50.168,-1.65082,1.15435,-125.94806
50.229,-1.63286,1.10681,-125.92506
50.348,-1.54580,0.45722,-125.87370
50.469,-1.38202,0.56649,-125.84522
50.531,-1.05148,0.74690,-125.82147
50.650,-0.90219,0.95753,-125.78966
50.770,-0.78269,1.37968,-125.77158
50.829,-0.75622,1.63813,-125.77624
50.949,-0.54636,1.95570,-125.77608
51.069,-0.39533,1.86349,-125.79236
51.129,-0.29137,2.09618,-125.80976
51.252,-0.26018,2.49162,-125.83131
51.369,-0.27640,2.42297,-125.84443
51.431,-0.16755,2.54837,-125.85927
51.550,-0.22201,2.94197,-125.89635
51.670,-0.43184,3.04407,-125.94111
51.732,-0.42134,3.22896,-125.96545
51.850,-0.50968,3.27034,-125.99684
51.973,-0.60015,3.63124,-126.05830
52.031,-0.69607,3.56148,-126.07039
52.151,-0.74298,3.23150,-126.09771
52.270,-0.74325,3.01282,-126.11952
52.331,-0.69906,2.85589,-126.13901
52.454,-0.54816,2.85410,-126.17045
52.570,-0.40997,3.14605,-126.17969
52.633,-0.46910,3.06493,-126.16056
52.752,-0.64279,2.95727,-126.10022
52.871,-0.77104,3.40052,-126.03671
52.934,-1.03008,3.53286,-125.97552
53.055,-1.21546,3.36954,-125.91595
53.173,-1.48190,3.43334,-125.84173
53.231,-1.60877,3.49504,-125.81005
53.355,-1.76664,3.57203,-125.75429
53.471,-1.81824,3.62026,-125.68401
53.532,-1.91794,3.55572,-125.65801
53.654,-1.72470,3.80771,-125.67129
53.772,-1.63043,3.82702,-125.72351
53.834,-1.68593,3.50060,-125.75220
53.953,-1.65707,3.75473,-125.83711
54.072,-1.62999,3.72704,-125.90902
54.134,-1.70950,3.36572,-125.93027
54.254,-1.68775,3.12116,-125.96603
54.374,-1.58450,3.13181,-126.02472
54.434,-1.50988,3.40486,-126.04485
54.553,-1.29235,3.64509,-126.10094
54.673,-1.30017,3.76882,-126.13291
54.734,-1.26275,4.08951,-126.14767
54.855,-1.23984,3.98948,-126.22350
54.974,-1.02967,3.67372,-126.29678
55.033,-1.06740,3.57344,-126.32928
55.154,-0.76065,3.47984,-126.39758
55.273,-0.72097,2.71078,-126.45508
55.336,-0.73270,2.44221,-126.53307
55.454,-0.57296,2.33150,-126.56786
55.578,-0.62979,2.58345,-126.60573
55.634,-0.63601,2.92060,-126.62550
55.754,-0.44632,2.95479,-126.66057
55.874,-0.27688,2.83295,-126.71400
55.935,-0.24327,3.05609,-126.73281
56.056,-0.07383,2.67763,-126.77728
56.175,-0.15577,2.89397,-126.79343
56.235,-0.16283,3.14701,-126.80061
56.356,-0.38602,2.99676,-126.79160
56.475,-0.51556,3.36623,-126.77220
56.534,-0.54980,3.62148,-126.75946
56.654,-0.64300,3.28632,-126.71822
56.777,-0.84475,3.32213,-126.61206
56.835,-0.76280,3.34337,-126.58836
56.959,-0.76936,2.88739,-126.52840
57.076,-0.62963,2.93746,-126.46194
57.137,-0.59388,3.07023,-126.43687
57.256,-0.68782,2.99688,-126.36637
57.375,-0.90796,2.99000,-126.25922
57.436,-1.04064,2.88489,-126.21987
57.557,-1.11663,2.84542,-126.14585
57.675,-1.43824,3.06981,-126.06946
57.736,-1.48424,3.26207,-126.04825
57.856,-1.50970,2.53698,-125.96407
57.976,-1.67345,1.48571,-125.93069
58.038,-1.57974,1.36166,-125.90479
58.156,-1.51773,2.19179,-125.86869
58.279,-1.32193,2.88657,-125.79684
58.336,-1.18074,3.09792,-125.78863
58.457,-1.03999,3.19999,-125.78049
58.576,-0.82326,3.17796,-125.76545
58.636,-0.92438,3.26780,-125.75829
58.760,-1.03080,2.94924,-125.75963
58.877,-1.07466,2.84703,-125.76299
58.937,-1.09084,2.90162,-125.76101
59.058,-0.81473,3.25576,-125.78061
59.177,-0.70833,3.00717,-125.79668
59.240,-0.73814,2.98929,-125.84230
59.357,-0.64088,3.03300,-125.90014
59.479,-0.54138,2.84743,-126.00256
59.539,-0.57093,2.76735,-126.04616
59.658,-0.45040,2.66115,-126.13680
59.778,-0.38537,2.90820,-126.22282
59.837,-0.43473,2.71974,-126.26423
59.960,-0.44565,2.68736,-126.31139
60.078,-0.35498,2.61791,-126.32262
60.138,-0.36103,2.69165,-126.34014
60.258,-0.46407,2.82684,-126.38425
60.379,-0.71271,2.65192,-126.38184
60.441,-0.53670,3.07745,-126.40054
60.559,-0.66320,2.85465,-126.40664
60.681,-0.46760,2.77624,-126.46437
60.739,-0.49019,2.64036,-126.47476
60.858,-0.44942,2.49633,-126.49474
60.978,-0.43362,2.46026,-126.51342
61.038,-0.29604,2.67191,-126.52869
61.161,-0.10378,2.53447,-126.52084
61.279,-0.01811,2.61665,-126.52145
61.340,0.01551,2.62475,-126.50858
61.459,0.00964,2.77006,-126.48621
61.579,-0.04342,2.88010,-126.51093
61.642,-0.21247,2.61328,-126.48594
61.759,-0.49438,2.17829,-126.47322
61.881,-0.74346,2.26377,-126.46420
61.939,-0.68216,2.48168,-126.44865
62.061,-0.56018,2.69415,-126.44063
62.122,-0.45709,2.58453,-126.45615
62.240,-0.24614,2.53704,-126.48155
62.362,-0.71783,1.88911,-126.47134
62.480,-0.86637,1.56785,-126.45026
62.540,-0.92487,2.27766,-126.40719
62.660,-1.20365,1.92130,-126.41613
62.780,-1.12979,1.60287,-126.44749
62.842,-1.20874,1.55128,-126.46136
62.961,-1.07626,1.70943,-126.49306
63.084,-1.06887,1.82818,-126.50600
63.142,-1.00325,1.75897,-126.52242
63.262,-0.93347,1.62062,-126.53290
63.329,-0.72912,1.79549,-126.55372
63.441,-0.72684,1.94833,-126.54472
63.564,-0.42253,2.53241,-126.55468
63.640,-0.39318,2.64437,-126.54954
63.742,-0.31269,2.65364,-126.55794
63.861,-0.07542,2.80514,-126.56996
63.927,-0.16622,2.67516,-126.56779
64.044,-0.06270,2.87455,-126.60195
64.162,-0.25116,3.25200,-126.57922
64.237,-0.20956,3.32623,-126.54582
64.342,-0.17240,2.96957,-126.47437
64.462,-0.34195,3.03255,-126.41834
64.542,-0.37184,3.24178,-126.37550
64.642,-0.44224,3.53490,-126.33411
64.765,-0.69779,3.26295,-126.26774
64.853,-0.81058,3.46640,-126.24717
64.944,-0.68438,3.71828,-126.23454
65.064,-0.52114,3.82799,-126.20494
65.138,-0.37906,3.77835,-126.20981
65.244,-0.30037,3.65972,-126.20213
65.365,-0.16038,3.96315,-126.19613
65.443,-0.24994,4.00104,-126.17104
65.543,-0.41392,3.75298,-126.17896
65.665,-0.58070,4.03543,-126.18254
65.734,-0.83042,3.44702,-126.17535
65.843,-0.72412,3.34277,-126.18005
65.966,-0.66806,3.52269,-126.17869
66.053,-0.61168,3.71184,-126.18396
66.146,-0.70698,3.69061,-126.17264
66.264,-0.66115,3.67887,-126.16225
66.324,-0.72439,3.63008,-126.15974
66.446,-0.75106,3.85386,-126.15495
66.565,-0.69470,3.95722,-126.16422
66.655,-0.69689,3.78891,-126.15373
66.746,-0.60355,3.88560,-126.17103
66.864,-0.36326,4.09136,-126.18254
66.946,-0.21364,4.13963,-126.21429
67.045,-0.16518,4.21740,-126.26120
67.166,0.08206,3.97138,-126.32010
67.244,0.19287,4.13895,-126.34206
67.345,0.28395,4.26655,-126.38097
67.465,-0.02524,4.03436,-126.46918
67.547,-0.01498,4.25029,-126.51048
67.648,-0.10024,4.57284,-126.54810
67.766,-0.22116,4.46407,-126.59191
67.835,-0.14635,4.42967,-126.62772
67.945,-0.08999,4.38723,-126.71371
68.066,-0.09796,4.40613,-126.76577
68.135,-0.11593,4.51707,-126.79256
68.246,-0.14187,4.60543,-126.83900
68.368,-0.05630,4.92130,-126.92999
68.451,-0.02560,4.91441,-126.95588
68.548,0.04516,4.88967,-127.01205
68.668,0.09997,4.93818,-127.07320
68.726,0.02449,4.79382,-127.09483
68.889,-0.20092,4.63875,-127.17830
68.967,-0.24646,4.84341,-127.19379
69.026,-0.27231,4.63382,-127.17635
69.148,-0.36603,4.53901,-127.12115
69.267,-0.31492,4.67131,-127.08118
69.328,-0.19128,4.62217,-127.03825
69.447,-0.24836,4.60174,-126.99189
69.568,-0.21418,4.85310,-126.95023
69.628,-0.24028,4.97263,-126.92382
69.753,-0.15406,4.99019,-126.89180
69.868,-0.11979,5.17383,-126.84699
69.927,-0.13298,4.81865,-126.83996
70.054,-0.26931,4.41139,-126.79365
70.168,-0.58217,4.27726,-126.74065
70.227,-0.78770,4.32664,-126.69938
70.361,-0.84669,4.78281,-126.58480
70.469,-0.81922,4.86261,-126.52299
70.530,-0.71610,4.90997,-126.49480
70.663,-0.63931,4.95568,-126.43460
70.769,-0.48177,4.91286,-126.36031
70.830,-0.40603,4.89561,-126.27518
70.975,-0.32619,5.21504,-126.21949
71.070,-0.51237,4.81586,-126.14900
71.129,-0.42725,4.69098,-126.12365
71.253,-0.54004,4.73826,-126.06207
71.369,-0.66865,4.80280,-126.04707
71.428,-0.69761,5.02790,-126.02966
71.572,-0.32393,5.58456,-126.01653
71.669,-0.32924,5.40524,-126.03280
71.732,-0.26754,5.67052,-126.05240
71.870,-0.49376,5.43435,-126.04849
71.969,-0.73849,5.71632,-126.02719
72.030,-0.78506,5.85432,-126.02328
72.165,-0.99178,5.76524,-126.01305
72.272,-0.92743,5.97648,-126.05685
72.330,-0.89455,6.01131,-126.06643
72.461,-0.75118,5.71820,-126.06308
72.571,-0.86013,5.18731,-126.04858
72.629,-0.79450,5.11468,-126.04472
72.752,-0.58655,5.23152,-126.03983
72.870,-0.48959,4.89139,-126.02968
72.929,-0.47263,4.83909,-126.01752
73.072,-0.35055,4.77138,-126.01013
73.171,-0.23079,4.84234,-126.01418
73.232,-0.17902,4.84994,-126.00619
73.350,-0.17006,4.92347,-126.01411
73.496,-0.18865,4.72838,-126.02154
73.530,-0.29997,4.75594,-126.02490
73.650,-0.42326,4.76251,-126.03370
73.771,-0.79784,4.17607,-126.04613
73.831,-0.89193,4.01270,-126.05257
73.952,-0.85861,4.10480,-126.07693
74.077,-0.97091,4.10636,-126.07756
74.131,-1.00041,4.16917,-126.06850
74.251,-0.95055,3.82909,-126.05477
74.398,-0.84790,3.82120,-126.05718
74.433,-0.75774,4.24571,-126.05013
74.551,-0.51047,4.14088,-126.05409
74.674,-0.19657,4.27578,-126.07581
74.731,-0.14060,4.11503,-126.07371
74.851,-0.04701,4.23512,-126.08547
74.982,0.02296,4.57099,-126.11629
75.032,0.08915,4.82412,-126.13937
75.154,-0.12743,5.15722,-126.17272
75.281,-0.30023,5.42884,-126.20888
75.332,-0.35589,5.61890,-126.21617
75.452,-0.52872,5.85896,-126.21667
75.591,-0.56549,5.84960,-126.22210
75.634,-0.47740,6.08132,-126.23470
75.753,-0.44949,6.46222,-126.25535
75.891,-0.36535,7.05298,-126.27364
75.933,-0.35642,7.14939,-126.26964
76.053,-0.25023,7.76180,-126.27667
76.192,-0.17349,8.26144,-126.27618
76.233,-0.13142,8.38060,-126.28032
76.354,-0.15635,8.80619,-126.25719
76.499,-0.14406,9.19058,-126.27180
76.533,-0.15308,9.27552,-126.27333
76.653,-0.25267,9.36451,-126.25785
76.779,-0.37086,9.48098,-126.25488
76.835,-0.40511,9.73693,-126.25616
76.953,-0.43255,10.12159,-126.26434
77.087,-0.48533,10.59736,-126.28848
77.136,-0.58037,10.66319,-126.26120
77.255,-0.57876,10.76801,-126.25243
77.395,-0.59501,10.79561,-126.23849
77.435,-0.62863,10.84569,-126.23889
77.556,-0.64113,11.03261,-126.26883
77.691,-0.62235,10.98845,-126.29491
77.734,-0.63433,10.97460,-126.29594
77.855,-0.73138,11.02867,-126.29208
77.997,-0.64794,10.88044,-126.30864
78.038,-0.56039,10.86795,-126.32934
78.155,-0.53156,10.79749,-126.32938
78.299,-0.51126,10.70110,-126.32535
78.335,-0.50372,10.68539,-126.32647
78.455,-0.50859,10.92220,-126.31035
78.593,-0.42607,10.96864,-126.30910
78.635,-0.33939,11.24517,-126.32610
78.757,-0.32822,11.56514,-126.34194
78.891,-0.28282,11.69707,-126.35188
78.936,-0.31841,11.74261,-126.34910
79.055,-0.21185,11.70163,-126.37149
79.211,-0.18430,11.98895,-126.38473
79.237,-0.20178,12.12906,-126.39821
79.356,-0.28529,12.41263,-126.39719
79.502,-0.42584,12.81055,-126.34735
79.536,-0.37005,12.96579,-126.33807
79.656,-0.20405,13.32923,-126.30435
79.777,-0.13036,13.89211,-126.25291
79.837,-0.14128,14.03413,-126.22341
79.959,-0.29412,14.51950,-126.12488
80.089,-0.13580,15.06403,-126.09109
80.137,-0.07341,15.20440,-126.06847
80.257,0.06458,15.68549,-126.04682
80.377,0.04746,16.13109,-126.02283
80.439,-0.03174,16.39391,-126.00723
80.557,-0.07307,16.78646,-125.95444
80.687,0.02540,16.83393,-125.90828
80.737,0.14259,16.52145,-125.91413
80.857,0.18479,15.45500,-125.91439
80.998,0.34029,13.65169,-125.93375
81.038,0.33486,13.07648,-125.90469
81.159,0.25820,12.14292,-125.92162
81.279,-0.24284,11.69294,-125.94675
81.338,-0.50125,11.61195,-125.89642
81.458,-0.72123,11.98412,-125.74665
81.589,-0.31020,11.80178,-125.74252
81.641,-0.08965,11.37965,-125.75351
81.758,-0.06176,10.61427,-125.73859
81.898,-0.31212,9.80540,-125.79053
81.939,-0.40417,9.57429,-125.75179
82.058,-0.42623,9.74970,-125.69111
82.194,-0.39922,10.00596,-125.77568
82.239,-0.24272,10.42112,-125.79298
82.361,-0.18949,10.95676,-125.61089
82.490,-0.41272,10.43179,-125.68736
82.539,-0.70120,9.91315,-125.68307
82.661,-1.17931,8.35903,-125.63200
82.794,-1.26037,6.72371,-125.72414
82.842,-0.99276,5.78538,-125.74851
82.959,-0.66132,5.78734,-125.68377
83.119,-0.63599,5.63494,-125.68589
83.139,-0.74532,5.57823,-125.68655
83.259,-0.98729,5.19758,-125.63084
83.408,-1.10181,4.70242,-125.59151
83.440,-1.02819,4.55662,-125.59860
83.560,-1.04006,4.06511,-125.55826
83.621,-0.85590,3.79751,-125.54899
83.740,-0.79307,3.52610,-125.55225
83.862,-0.87913,2.96393,-125.54874
83.982,-0.85471,2.90275,-125.59357
84.040,-0.69880,2.80598,-125.62046
84.160,-0.35943,2.71653,-125.68656
84.281,-0.50880,2.31054,-125.74695
84.344,-0.47059,1.94896,-125.82104
84.461,-0.51008,1.87701,-125.88566
84.582,-0.56834,1.46261,-125.95438
84.641,-0.64679,1.35364,-125.98196
84.763,-0.52507,1.29007,-126.03255
84.824,-0.52959,0.94507,-126.08994
84.942,-0.61667,0.68511,-126.16829
85.063,-0.50501,0.36071,-126.24721
85.132,-0.49094,0.21688,-126.28277
85.241,-0.50268,-0.00166,-126.33949
85.361,-0.62503,-0.46986,-126.32255
85.421,-0.73293,-0.63064,-126.29739
85.544,-0.74646,-0.91694,-126.28885
85.663,-0.70356,-0.77268,-126.30247
85.724,-0.63537,-0.86217,-126.29537
85.842,-0.72991,-0.76632,-126.26812
85.963,-0.75921,-1.06616,-126.31802
86.037,-0.60331,-1.15498,-126.31970
86.144,-0.61160,-1.26030,-126.32694
86.265,-0.83718,-1.40588,-126.36686
86.322,-0.97214,-1.10002,-126.37006
86.443,-1.02411,-1.49185,-126.41219
86.563,-1.10378,-2.47542,-126.47849
86.630,-1.10759,-2.89573,-126.52211
86.745,-1.11494,-3.66866,-126.61648
86.863,-1.27504,-3.66497,-126.69382
86.933,-1.24967,-3.67457,-126.70237
87.044,-1.05890,-3.40452,-126.77018
87.165,-0.79004,-3.20975,-126.80056
87.225,-0.83179,-3.20928,-126.88374
87.345,-0.65850,-3.07447,-127.00340
87.465,-0.55045,-3.59664,-127.07043
87.546,-0.64830,-3.60630,-127.13076
87.646,-0.58560,-3.63938,-127.24791
87.765,-0.64704,-3.67321,-127.35335
87.829,-0.43193,-3.61395,-127.36752
87.947,-0.40329,-3.38952,-127.34657
88.064,-0.28704,-3.05520,-127.26604
88.133,-0.21375,-3.00787,-127.24001
88.244,-0.23194,-3.01110,-127.15720
88.365,0.12218,-2.83065,-127.10142
88.432,0.49453,-2.65859,-127.07024
88.545,0.21738,-3.21478,-127.02690
88.670,0.33256,-2.77507,-126.93028
88.740,0.29371,-2.85955,-126.91826
88.846,0.27461,-3.03973,-126.89750
88.965,0.05905,-3.29209,-126.86308
89.052,0.13358,-3.29597,-126.85307
89.148,-0.04828,-3.97241,-126.79375
89.266,-0.07291,-4.40673,-126.79078
89.342,-0.09232,-4.63678,-126.77350
89.446,-0.13684,-4.22448,-126.73696
89.566,-0.28673,-3.66057,-126.69221
89.642,-0.47127,-3.30472,-126.67477
89.747,-0.69189,-2.61209,-126.63031
89.867,-1.29978,-1.94074,-126.59426
89.952,-1.33767,-1.42105,-126.56335
90.047,-1.62494,-0.98957,-126.52425
90.167,-1.90453,-0.74333,-126.45183
90.237,-2.02965,-0.70432,-126.43790
90.348,-2.10274,-0.33920,-126.41523
90.467,-2.21127,-0.33977,-126.40562
90.527,-2.10253,-0.33412,-126.40746
90.647,-2.01972,-0.40028,-126.47300
90.766,-1.85151,-0.52946,-126.50504
90.828,-1.81728,-0.64570,-126.52413
90.949,-1.69771,-0.98662,-126.56281
91.070,-1.44419,-0.92499,-126.60519
91.127,-1.46826,-0.82257,-126.62762
91.248,-1.28799,-1.02308,-126.67725
91.367,-1.23225,-1.26383,-126.69540
91.427,-1.32154,-1.05639,-126.71455
91.549,-1.30660,-0.97761,-126.77135
91.667,-1.40241,-0.92027,-126.79401
91.728,-1.37716,-1.06401,-126.81608
91.850,-1.52934,-0.97649,-126.85577
91.968,-1.68663,-0.93212,-126.89216
92.045,-1.80261,-1.02833,-126.92722
92.150,-1.95741,-1.07479,-126.97972
92.270,-1.92687,-0.75626,-127.01905
92.338,-1.99020,-0.82855,-127.04317
92.449,-1.87787,-0.90855,-127.06910
92.568,-1.91699,-1.02944,-127.14657
92.655,-1.81988,-0.95442,-127.16601
92.750,-1.63618,-1.02056,-127.19215
92.869,-1.79911,-0.94011,-127.22527
92.953,-1.80160,-1.08861,-127.23705
93.049,-1.70048,-1.24116,-127.23296
93.169,-1.35826,-0.95610,-127.24133
93.248,-1.35663,-0.89046,-127.23168
93.350,-1.06965,-0.58797,-127.21763
93.474,-1.04240,-0.74065,-127.16371
93.529,-1.01741,-0.67296,-127.15239
93.661,-1.01032,-0.84452,-127.09862
93.770,-1.18423,-0.83895,-127.03960
93.831,-1.22656,-0.86539,-127.00653
93.971,-1.03733,-0.55389,-126.90462
94.070,-0.79356,-0.46147,-126.82865
94.129,-0.64027,-0.61035,-126.78944
94.268,-1.18901,-0.86920,-126.71737
94.371,-1.31032,-0.87942,-126.65887
94.434,-1.16559,-0.79021,-126.59963
94.576,-1.47786,-0.77815,-126.54848
94.672,-2.01524,-0.64337,-126.50780
94.731,-1.86835,-0.54837,-126.48959
94.877,-2.29580,-0.67271,-126.47571
94.971,-2.43037,-0.73606,-126.56612
95.032,-2.53831,-0.96033,-126.58917
95.163,-2.64411,-0.58256,-126.65070
95.271,-2.85031,-0.60030,-126.69005
95.332,-2.80604,-0.55843,-126.72426
95.461,-2.82999,-0.57962,-126.80173
95.571,-2.55955,-0.64454,-126.84716
95.631,-2.50796,-0.75870,-126.87668
95.767,-2.30718,-0.87805,-126.94074
95.871,-2.13221,-1.29819,-126.99898
95.934,-1.65665,-1.13460,-127.01487
96.062,-1.44793,-0.71646,-127.05519
96.174,-1.19082,-0.06526,-127.08475
96.232,-0.98144,0.15720,-127.09925
96.363,-1.37106,0.53281,-127.12279
96.472,-1.49443,0.97612,-127.16250
96.532,-1.50482,1.37938,-127.16753
96.662,-1.47298,1.85312,-127.19249
96.773,-1.43896,2.35063,-127.21181
96.832,-1.44801,2.53570,-127.21797
96.953,-1.77796,2.76869,-127.14268
97.074,-1.74594,3.04129,-127.06130
97.134,-1.90459,3.04101,-127.02794
97.263,-1.97013,2.86772,-126.97639
97.376,-2.03177,3.18203,-126.89146
97.433,-2.12292,3.10206,-126.84751
97.576,-2.26896,3.07752,-126.78369
97.674,-2.34112,3.27400,-126.70596
97.733,-2.45056,3.08864,-126.67474
97.864,-2.53758,2.88974,-126.61221
97.974,-2.42964,2.72378,-126.56510
98.034,-2.37273,2.58603,-126.55268
98.171,-2.25830,2.57507,-126.55550
98.274,-2.13682,2.60304,-126.56937
98.336,-1.93905,2.74677,-126.59077
98.463,-1.90121,2.38233,-126.61779
98.576,-1.80714,2.60554,-126.64941
98.635,-1.75167,2.45714,-126.65775
98.773,-1.69085,2.45841,-126.68513
98.875,-1.55160,2.59618,-126.70423
98.934,-1.37317,2.82075,-126.72749
99.057,-1.21546,2.57824,-126.76890
99.175,-1.06799,2.66842,-126.81455
99.235,-0.97222,2.64936,-126.83665
99.363,-0.92105,2.24697,-126.90635
99.476,-0.74237,2.41711,-126.99192
99.536,-0.78551,2.37602,-127.02431
99.678,-0.82090,2.55233,-127.07854
99.778,-0.78932,2.36040,-127.18129
99.835,-0.78807,2.47733,-127.22028
99.971,-0.76589,2.53657,-127.28152
100.076,-0.75680,2.52763,-127.34404
100.135,-0.66215,2.87496,-127.37347
100.284,-0.73249,3.29701,-127.34319
100.378,-1.01896,3.57913,-127.30433
100.436,-1.01867,3.83332,-127.30007
100.568,-1.49433,3.35823,-127.24778
100.677,-1.35373,3.64829,-127.22618
100.738,-1.34566,3.53217,-127.20040
100.879,-1.32495,3.46205,-127.16378
100.979,-1.22430,3.40155,-127.15794
101.036,-1.17270,3.45880,-127.15946
101.157,-1.01900,2.89080,-127.15151
101.277,-1.04051,3.40004,-127.12798
101.337,-1.06564,3.66173,-127.10850
101.461,-1.17321,3.67955,-127.02629
101.578,-0.94904,4.16123,-126.98769
101.637,-0.92774,3.92800,-126.97091
101.764,-0.78485,4.27144,-126.92994
101.877,-0.80047,4.03736,-126.90907
101.939,-0.79260,4.15488,-126.88553
102.072,-0.71315,4.64132,-126.83885
102.180,-0.49798,4.67115,-126.86707
102.237,-0.29616,4.64815,-126.88982
102.364,-0.43007,4.32412,-126.87643
102.479,-0.61443,4.24848,-126.87925
102.538,-0.79217,3.98949,-126.90623
102.674,-1.22942,3.65306,-126.95741
102.779,-1.51728,5.01897,-126.87803
102.838,-1.45842,5.25466,-126.89007
102.976,-1.63669,5.61606,-126.92130
103.079,-1.70514,4.90537,-126.97848
103.141,-1.78093,4.70758,-127.03060
103.276,-1.89229,5.26479,-127.04264
103.380,-2.01075,5.61728,-127.05479
103.439,-1.96707,5.63516,-127.07134
103.581,-1.78892,5.79740,-127.10529
103.680,-1.59734,5.63932,-127.18494
103.739,-1.47349,5.72391,-127.19946
103.881,-1.28040,5.92967,-127.25741
103.980,-1.19560,5.76397,-127.31316
104.039,-1.17751,5.54589,-127.32987
104.166,-1.13392,5.38807,-127.39590
104.280,-1.28270,5.76337,-127.45576
104.341,-1.30976,5.99562,-127.47655
104.482,-1.39324,6.28453,-127.47406
104.583,-1.27032,6.63417,-127.52111
104.640,-1.24804,6.49622,-127.54608
104.787,-1.13068,6.35519,-127.59877
104.821,-1.06243,6.06191,-127.62599
104.944,-1.18911,5.87003,-127.65655
105.062,-1.56749,6.00180,-127.59575
105.180,-1.79630,6.42056,-127.48582
105.240,-1.90491,6.38225,-127.43203
105.380,-1.98987,6.10000,-127.34115
105.481,-1.89687,5.99419,-127.28181
105.543,-1.88941,5.86447,-127.25704
105.686,-1.79427,6.02623,-127.23626
105.783,-1.67278,6.40921,-127.21172
105.841,-1.69275,6.58650,-127.19164
105.971,-1.53246,6.71229,-127.18225
106.024,-1.36270,6.50393,-127.14236
106.141,-1.25266,6.16939,-127.11400
106.267,-1.19163,6.17181,-127.07212
106.322,-1.03486,6.21556,-127.05739
106.442,-0.77308,6.48227,-127.03381
106.565,-0.54501,6.98137,-127.00100
106.621,-0.44342,7.12979,-126.99528
106.743,-0.49826,7.44192,-126.95745
106.862,-0.44014,7.60862,-126.94506
106.923,-0.46907,7.73442,-126.91756
107.042,-0.37495,8.07282,-126.85223
107.163,-0.14008,8.54441,-126.81158
107.224,0.04515,8.96097,-126.79670
107.344,0.29460,9.46253,-126.76060
107.483,0.56661,9.93626,-126.71887
107.522,0.61171,9.97127,-126.71848
107.643,0.59685,10.17556,-126.71423
107.765,0.61283,10.51827,-126.73792
107.823,0.66869,10.73060,-126.74065
107.946,0.67786,11.04752,-126.79266
108.074,0.57178,10.82912,-126.90497
108.124,0.48452,10.91031,-126.93666
108.245,0.46291,10.87152,-127.03561
108.379,0.31156,10.99066,-127.11906
108.423,0.24285,10.97777,-127.14320
108.544,0.07999,10.68348,-127.26249
108.678,0.04221,10.79968,-127.31314
108.725,0.06303,10.76938,-127.35733
108.844,0.03487,10.77954,-127.42387
108.977,0.07085,10.49376,-127.52431
109.024,0.11903,10.49563,-127.55338
109.144,0.08433,10.16846,-127.61013
109.264,0.11595,10.07253,-127.69577
109.325,0.12466,10.03124,-127.72932
109.450,0.22166,9.82678,-127.83817
109.574,0.16757,9.92484,-127.88035
109.625,0.20953,9.98319,-127.90772
109.745,0.37047,9.91215,-127.97968
109.876,0.43291,9.95525,-128.01120
109.928,0.57349,9.88448,-128.06580
110.045,0.69470,9.83650,-128.10851
110.167,0.78259,9.91593,-128.13106
110.225,0.77458,9.88427,-128.15752
110.345,0.88122,9.91889,-128.23444
110.492,1.01265,9.76886,-128.33232
110.525,1.18967,9.69816,-128.44008
110.647,1.48997,9.46528,-128.72086
110.766,1.85062,9.30005,-129.07692
110.825,2.07147,9.32943,-129.34624
110.946,2.70016,9.34340,-130.40094
111.075,3.16204,9.36781,-131.33452
111.127,3.44622,9.31893,-131.89575
111.246,4.01060,9.38018,-133.10971
111.379,4.76996,9.50836,-135.06134
111.427,4.90678,9.42095,-135.73326
111.546,5.33341,9.10874,-137.15414
111.678,5.93553,8.66276,-138.69800
111.726,6.27000,8.42180,-139.48996
111.849,7.18803,7.93134,-142.05550
111.986,7.68424,7.47915,-143.87596
112.027,7.86765,7.17692,-144.78908
112.147,8.33393,6.67987,-146.66112
112.288,8.59991,6.32976,-148.51308
112.329,8.98335,6.19638,-150.40398
112.451,9.38950,5.87653,-152.34413
112.584,9.83381,5.63302,-154.31738
112.627,9.99311,5.21063,-155.28069
112.747,9.94034,4.84398,-157.19699
112.890,9.85328,4.22196,-160.12263
112.928,9.75420,4.10187,-161.06110
113.049,9.80233,3.92796,-162.98482
113.182,10.13547,3.79883,-164.98320
113.228,10.21672,3.55850,-165.94901
113.348,10.44016,3.00964,-168.75424
113.491,10.46019,2.72288,-170.71512
113.533,10.33096,2.44459,-171.68852
113.649,10.28883,2.25412,-173.70053
113.790,10.62272,1.84204,-176.73027
113.828,10.58110,1.44167,-177.73096
113.948,10.82887,1.19580,-179.73213
114.069,10.87207,0.51956,178.18312
114.129,10.83910,0.32282,177.15663
114.251,10.60014,-0.27237,174.00732
114.371,10.50340,-0.53962,171.84988
114.429,10.49656,-0.70901,170.75919
114.549,10.56530,-0.63375,168.58681
114.696,10.47333,-0.84103,166.44150
114.731,10.11681,-1.16176,164.37210
114.849,9.76923,-1.26866,162.42934
114.989,9.48501,-1.20374,160.56389
115.029,9.52591,-1.46099,159.68103
115.150,9.51742,-1.56350,157.98657
115.288,9.11823,-1.49194,155.64175
115.330,9.02103,-1.69311,154.93791
115.451,8.60923,-1.71123,153.64293
115.578,8.58175,-1.98864,152.51830
115.630,8.49539,-2.05837,151.99028
115.750,8.08415,-1.95634,150.59515
115.870,7.70272,-2.30602,149.81355
115.932,7.33365,-2.31802,149.42754
116.050,7.18947,-2.55436,148.70837
116.183,7.18605,-2.39312,147.73799
116.231,6.97121,-2.65511,147.39745
116.351,6.53919,-2.59160,146.74104
116.483,5.95822,-2.64675,146.13176
116.531,5.91838,-2.55892,145.87491
116.654,5.30480,-2.84461,145.24712
116.790,4.78191,-2.91852,144.85611
116.831,4.64892,-3.05175,144.66069
116.951,4.26226,-2.96613,144.28761
117.074,4.12958,-3.00824,143.97028
117.135,3.96630,-2.84577,143.71043
117.252,3.52258,-2.68222,143.47729
117.383,3.23835,-2.88060,143.23763
117.432,3.05106,-2.97128,143.10513
117.554,2.67099,-3.19323,142.86249
117.681,2.16329,-2.97026,142.53558
117.732,1.80980,-2.96531,142.46878
117.853,0.95898,-3.04890,142.37679
117.990,0.27161,-3.04821,142.36931
118.035,0.11822,-2.82720,142.36217
118.156,0.25477,-2.22602,142.34866
118.293,0.13327,-2.28035,142.35246
118.335,-0.24902,-2.14491,142.33131
118.453,0.09482,-1.57009,142.34264
118.595,0.00521,-1.38219,142.30048
118.634,0.25385,-1.30088,142.28964
118.754,0.09588,-1.26184,142.26065
118.886,0.20501,-1.04851,142.24709
118.933,0.33504,-1.04094,142.22064
119.055,0.55113,-0.78610,142.18004
119.199,0.58847,-0.67719,142.15843
119.234,0.65628,-0.57532,142.13971
119.353,0.65448,-0.59989,142.09253
119.497,0.70281,-0.58832,142.05386
119.536,0.73452,-0.65386,142.04054
119.654,0.67917,-0.59819,142.01442
119.799,0.45687,-0.76762,141.96687
119.834,0.56425,-0.62522,141.93414
119.954,0.30011,-0.53702,141.90228
120.078,-0.03749,-0.22626,141.85529
120.134,-0.08383,-0.10609,141.87065
120.254,-0.22304,-0.12867,141.94833
120.383,-0.36946,-0.11069,142.00026
120.435,-0.46441,-0.01975,142.01196
120.555,-0.42923,0.25028,142.09123
120.675,-0.52801,0.29836,142.16208
120.736,-0.58720,0.42197,142.18147
120.855,-0.63641,0.42285,142.23268
120.975,-0.66503,0.33259,142.28818
121.038,-0.76630,0.48672,142.34442
121.156,-0.71464,0.80102,142.38020
121.277,-0.89504,0.78639,142.43457
121.337,-0.94046,0.77872,142.45708
121.461,-1.03574,0.82592,142.50572
121.576,-1.16221,0.80931,142.55394
121.635,-1.10593,0.96860,142.55353
121.757,-1.11430,1.06619,142.56160
121.876,-1.19685,1.05399,142.56258
121.936,-1.19226,1.25898,142.54530
122.057,-1.36405,1.14818,142.52991
122.176,-1.38703,1.20540,142.49628
122.238,-1.47299,1.18503,142.47771
122.357,-1.36879,1.12929,142.43028
122.479,-1.44334,1.04023,142.34766
122.537,-1.50338,1.05078,142.31009
122.657,-1.43277,1.58195,142.25014
122.777,-1.44657,1.86984,142.19070
122.837,-1.50634,2.03402,142.16429
122.959,-1.66243,2.18500,142.09363
123.077,-1.56936,2.45737,142.04472
123.138,-1.63227,2.66832,142.02415
123.257,-1.52659,2.86435,141.97191
123.378,-1.51204,2.90555,141.94853
123.439,-1.34881,2.98211,141.91348
123.559,-1.18944,2.99905,141.86568
123.680,-1.02988,3.15603,141.80441
123.738,-0.95734,2.99894,141.78922
123.858,-0.65360,3.11030,141.75175
123.978,-0.47395,3.42707,141.69792
124.038,-0.42826,3.57038,141.66727
124.161,-0.33565,3.88491,141.62091
124.279,-0.31933,3.96575,141.58240
124.339,-0.34611,4.02887,141.56673
124.461,-0.30051,4.13136,141.50308
124.579,-0.27243,4.33854,141.42874
124.640,-0.33317,4.34922,141.39139
124.761,-0.26379,4.56841,141.34689
124.882,-0.38126,4.71051,141.31190
124.940,-0.40457,4.73078,141.28856
125.059,-0.43411,4.87249,141.25980
125.179,-0.38703,5.24392,141.18980
125.239,-0.47650,5.30295,141.17764
125.363,-0.58455,5.71185,141.09917
125.480,-0.67132,6.04979,141.07744
125.540,-0.73769,6.32363,141.06239
125.660,-0.85280,6.99652,141.02873
125.780,-0.92341,7.62436,141.00951
125.844,-0.97559,7.99446,141.00163
125.963,-1.17823,8.23025,141.08931
126.081,-1.46901,8.44273,141.25798
126.141,-1.57228,8.60541,141.36113
126.261,-1.71711,8.70988,141.57497
126.341,-1.72739,8.77761,141.75816
126.441,-1.74998,8.82289,141.95322
126.564,-1.87555,8.64864,142.13713
126.681,-1.93109,8.65083,142.32849
126.741,-2.00409,8.55442,142.43623
126.862,-2.09515,8.15803,142.73158
126.981,-2.22194,7.91524,142.99393
127.045,-2.28748,7.62513,143.13643
127.161,-2.47822,7.74174,143.50078
127.221,-2.52257,7.81390,143.68752
127.341,-2.21219,7.80440,144.14473
127.461,-2.06884,7.17387,144.43031
127.523,-2.00893,6.75205,144.60406
127.643,-1.90802,6.24367,144.91373
127.765,-1.82982,6.34067,145.51663
127.827,-1.85794,6.30619,145.73996
127.942,-1.94547,6.04170,146.21132
128.062,-1.97072,6.12646,146.71591
128.126,-2.00727,6.06138,146.94211
128.244,-2.28417,5.75574,147.73396
128.362,-2.49834,5.69877,148.34467
128.423,-2.62163,5.69737,148.68042
128.544,-2.98709,5.76910,149.42819
128.664,-3.19603,5.64337,150.18533
128.726,-3.27291,5.61809,150.90691
128.843,-3.38738,5.67891,151.68013
128.965,-3.70635,5.52292,152.50993
129.031,-3.91910,5.52003,152.94409
129.143,-4.22799,5.46694,153.87102
129.264,-4.61623,5.36028,155.20528
129.338,-4.70074,5.26540,155.64215
129.445,-4.98887,5.05224,156.55334
129.564,-5.37386,5.12008,157.54739
129.630,-5.68803,5.27505,158.08830
129.744,-6.04121,5.33277,159.85368
129.864,-6.02189,5.25658,161.07809
129.942,-6.17521,5.39420,161.71344
130.045,-6.18032,5.25012,163.04323
130.166,-6.15792,5.20180,165.19418
130.247,-6.26674,5.17857,165.97554
130.346,-6.45892,5.21176,167.63210
130.466,-6.44197,5.36173,169.29541
130.530,-6.33138,5.41220,170.11320
130.648,-6.19382,5.46675,172.57387
130.766,-6.28546,5.34037,174.22949
130.851,-6.44005,5.28487,175.02412
130.947,-6.85841,5.06228,176.58472
131.065,-7.25240,4.80318,178.16455
131.144,-7.72241,4.27323,179.81154
131.245,-8.13850,3.94875,-178.42192
131.367,-8.63431,3.80002,-176.52544
131.451,-8.85231,3.57697,-175.56218
131.546,-9.05437,3.37740,-173.56958
131.665,-9.41453,3.32160,-170.49736
131.725,-9.44343,3.26818,-169.46443
131.847,-9.70975,3.02984,-167.38046
131.966,-9.87005,2.86037,-165.31796
132.027,-10.02564,2.78075,-164.28711
132.147,-9.95089,2.08616,-160.98592
132.266,-9.83486,2.11610,-158.73351
132.362,-9.68161,2.00026,-157.64282
132.447,-10.15795,1.60227,-155.45880
132.568,-10.73445,1.07730,-152.27943
132.639,-10.96975,0.42055,-151.26347
132.747,-11.11102,0.13066,-149.13300
132.867,-11.12968,-0.67970,-146.87006
132.927,-11.28577,-0.56850,-145.70778
133.050,-11.66892,-0.41626,-142.26663
133.167,-11.98801,-0.42514,-140.08852
133.250,-12.01975,-0.49372,-139.01364
133.349,-11.97642,-1.17979,-136.89542
133.467,-11.95997,-1.77587,-134.77142
133.529,-11.70805,-1.81849,-132.73521
133.647,-11.09611,-2.56321,-131.05608
133.767,-10.20961,-2.89433,-129.73444
133.837,-9.58196,-2.72316,-129.20145
133.949,-8.62887,-2.56262,-128.35716
134.071,-7.74630,-2.63808,-127.56516
134.156,-7.37142,-2.79848,-127.36591
134.250,-6.55442,-3.12841,-127.04349
134.369,-5.68965,-3.36046,-126.81541
134.455,-5.26368,-3.29777,-126.74057
134.551,-4.43003,-3.19326,-126.69271
134.672,-3.76047,-3.06182,-126.65102
134.740,-3.48261,-2.85107,-126.61610
134.849,-3.18472,-2.74807,-126.61676
134.969,-3.13038,-3.33529,-126.63860
135.034,-3.05034,-3.53116,-126.65546
135.149,-2.69723,-3.42753,-126.61703
135.271,-2.22377,-2.56120,-126.58235
135.355,-2.33822,-2.84584,-126.61240
135.451,-2.34770,-3.29808,-126.62445
135.569,-2.23887,-2.84227,-126.68918
135.641,-2.27912,-3.30088,-126.67760
135.751,-1.77787,-3.04688,-126.66255
135.870,-1.74605,-3.93397,-126.69815
135.939,-1.60378,-3.57227,-126.72356
136.050,-1.46325,-3.42737,-126.76943
136.170,-1.73495,-3.80101,-126.84783
136.240,-1.52148,-3.03121,-126.85416
136.351,-1.30600,-3.49071,-126.89014
136.473,-1.40949,-3.38505,-126.91553
136.559,-1.37589,-3.20934,-126.97076
136.651,-1.30748,-3.16645,-127.05347
136.770,-1.00235,-3.04274,-127.08814
136.851,-0.92977,-2.82860,-127.08406
136.955,-0.81723,-2.59636,-127.13580
137.071,-0.95647,-2.43735,-127.19845
137.150,-0.89881,-2.26359,-127.24368
137.252,-0.96919,-2.01033,-127.27842
137.371,-0.94213,-1.99753,-127.32571
137.462,-1.13185,-1.84489,-127.41318
137.551,-1.40812,-1.90976,-127.46739
137.673,-1.41462,-1.93150,-127.54768
137.731,-1.48366,-2.21894,-127.56698
137.851,-1.86939,-2.02070,-127.63464
137.971,-1.94954,-2.22859,-127.71615
138.034,-2.01009,-2.09887,-127.73975
138.152,-1.85748,-2.10469,-127.80437
138.271,-1.78659,-2.31823,-127.87192
138.335,-1.88822,-2.39754,-127.88274
138.451,-1.73321,-2.44026,-127.95630
138.572,-1.56855,-2.37769,-127.95614
138.633,-1.62384,-2.25457,-127.95099
138.752,-1.84253,-2.44774,-127.95134
138.874,-1.68744,-2.25525,-127.93143
138.932,-1.69082,-2.15727,-127.92682
139.052,-1.66158,-2.24300,-127.91539
139.172,-1.40398,-2.11083,-127.95711
139.232,-1.43580,-2.07218,-127.97434
139.355,-1.30661,-2.02173,-127.98756
139.473,-1.14008,-1.81745,-127.99964
139.544,-1.15683,-1.63415,-128.00502
139.654,-0.88189,-1.99114,-128.02348
139.777,-0.71720,-2.44868,-127.98284
139.849,-0.57097,-2.67336,-128.01871
139.953,-0.45379,-2.31791,-128.04236
140.075,-0.64416,-2.93317,-128.05717
140.147,-0.75472,-2.87311,-128.06100
140.254,-0.77923,-2.81078,-128.09215
140.373,-0.61109,-2.67823,-128.20396
140.443,-0.55342,-2.75333,-128.24831
140.555,-0.32216,-2.11568,-128.34601
140.679,-0.15964,-2.31295,-128.40178
140.744,-0.01304,-2.06942,-128.42079
140.854,-0.59498,-1.91203,-128.48653
140.974,-0.64270,-1.75342,-128.42241
141.053,-0.61893,-1.55001,-128.37856
141.155,-0.74677,-1.08179,-128.30905
141.277,-0.81785,-0.41998,-128.19463
141.342,-0.61159,-0.42490,-128.16037
141.455,-0.83343,-0.35416,-128.07948
141.576,-0.72102,0.11918,-128.02127
141.662,-0.74992,0.49165,-127.99795
141.757,-1.18773,0.97023,-127.89603
141.876,-0.96562,1.35450,-127.80917
141.962,-0.70557,1.70421,-127.76939
142.058,-0.45405,1.53667,-127.74554
142.176,-0.21588,1.22360,-127.77641
142.264,-0.08035,1.13639,-127.73875
142.355,-0.15424,0.87080,-127.72989
142.477,-0.21065,1.14102,-127.73894
142.564,-0.31692,0.95369,-127.75829
142.655,-0.32178,0.98195,-127.75140
142.781,-0.27663,0.96351,-127.74996
142.836,-0.33668,1.11430,-127.73808
142.986,-0.05202,1.11446,-127.76070
143.077,-0.06627,0.66723,-127.78499
143.137,-0.03456,0.45039,-127.77782
143.278,-0.12688,1.03433,-127.76880
143.377,-0.26978,0.94740,-127.78725
143.438,-0.26360,0.67682,-127.79388
143.556,-0.61837,0.40527,-127.79861
143.679,-0.53715,0.13771,-127.84312
143.736,-0.61003,0.26968,-127.84406
143.871,-0.63521,0.25321,-127.85603
143.978,-0.40819,0.69956,-127.86289
144.037,-0.49937,0.51523,-127.85092
144.167,-0.49543,0.67576,-127.86053
144.278,-0.53597,0.33515,-127.88500
144.337,-0.44871,0.27135,-127.90031
144.466,-0.41772,-0.07773,-127.91334
144.578,-0.30644,0.11927,-127.93010
144.639,0.06965,0.06003,-127.94498
144.769,0.05976,-0.17154,-127.96414
144.879,0.16616,0.54353,-127.98407
144.938,0.08873,0.31001,-127.99306
145.079,-0.03876,0.69360,-128.02707
145.180,-0.29244,1.27250,-128.03343
145.239,-0.20787,1.64280,-128.05084
145.365,-0.30641,1.45964,-128.05968
145.479,-0.76269,1.44201,-128.06053
145.538,-0.58795,1.87318,-128.07774
145.682,-0.55912,1.23749,-128.11357
145.779,-0.69984,1.33523,-128.12186
145.839,-0.51059,1.48256,-128.13399
145.989,-0.59279,1.56503,-128.15549
146.082,-0.83290,0.96945,-128.19063
146.139,-0.78382,0.97436,-128.21217
146.267,-0.86205,0.65521,-128.17891
146.381,-1.13440,0.84617,-128.12077
146.440,-0.99940,0.93576,-128.11513
146.572,-0.99841,1.21889,-128.10425
146.622,-0.74463,1.61156,-128.06587
146.740,-0.82121,1.52439,-128.01326
146.877,-0.62508,2.10634,-128.01418
146.981,-0.44112,1.53014,-128.02307
147.040,-0.44962,1.48800,-128.02492
147.186,-0.39329,1.38414,-128.02187
147.280,-0.40430,1.40594,-128.02177
147.341,-0.59821,1.48761,-128.02492
147.470,-0.43643,1.61248,-128.02823
147.583,-0.56478,1.23794,-128.03897
147.640,-0.47915,1.27583,-128.05418
147.761,-0.63034,1.36268,-128.04457
147.822,-0.53003,1.54475,-128.05963
147.941,-0.58262,1.34447,-128.08643
148.094,-0.81546,0.87053,-128.11882
148.181,-0.80424,0.74636,-128.14507
148.241,-0.82510,1.06089,-128.13966
148.362,-0.87328,1.04289,-128.16153
148.421,-0.80602,0.85009,-128.17781
148.544,-0.74843,1.10905,-128.24329
148.674,-0.80305,1.08161,-128.26944
148.721,-0.94530,0.93510,-128.27231
148.841,-1.04226,0.74342,-128.29468
148.969,-0.73413,1.09471,-128.31056
149.024,-0.72536,1.16344,-128.34306
149.143,-0.79338,0.98151,-128.37473
149.281,-0.70365,1.16279,-128.38222
149.322,-0.53786,1.47643,-128.38277
149.443,-0.64025,1.03982,-128.40140
149.578,-0.70444,1.31993,-128.46881
149.622,-0.85673,1.26346,-128.45961
149.744,-1.14211,1.16377,-128.46095
149.873,-1.15771,1.24875,-128.48373
149.922,-0.94504,1.58411,-128.49338
150.042,-0.98131,1.55714,-128.52728
150.174,-0.89284,1.17389,-128.55429
150.224,-0.58003,1.49007,-128.56067
150.345,-0.31427,1.70811,-128.56822
150.479,-0.16698,2.17117,-128.60838
150.524,-0.08180,2.33599,-128.62833
150.643,-0.08342,2.69202,-128.64745
150.773,-0.28405,2.40500,-128.65546
150.824,-0.41731,2.24549,-128.69180
150.946,-0.75224,2.40910,-128.70685
151.070,-0.75312,2.00063,-128.72624
151.124,-0.47385,1.85595,-128.73094
151.243,-0.21848,2.20333,-128.77055
151.373,0.27465,2.66492,-128.78543
151.426,0.27238,2.60545,-128.77892
151.544,0.43412,2.24434,-128.79919
151.690,0.46701,2.21402,-128.79558
151.724,0.58971,2.60916,-128.80048
151.844,0.41787,3.41920,-128.80794
151.981,0.54175,3.87718,-128.81482
152.025,0.55178,3.63668,-128.81966
152.146,0.71029,4.20941,-128.82455
152.273,0.82658,4.04304,-128.82974
152.325,0.83147,3.88311,-128.82735
152.445,0.96925,4.11777,-128.82314
152.577,0.98993,4.28502,-128.81966
152.627,0.90217,4.34093,-128.81731
152.745,0.79327,4.44049,-128.82971
152.877,0.81413,4.37868,-128.83842
152.926,0.81822,4.19534,-128.83176
153.045,0.85292,4.66162,-128.80302
153.178,1.11765,4.60631,-128.80350
153.226,1.16820,4.41135,-128.79416
153.348,1.71394,4.44194,-128.82019
153.466,1.64525,3.92805,-128.81822
153.526,1.70879,3.86530,-128.83977
153.646,1.15769,4.13616,-128.80727
153.775,1.42156,3.87238,-128.82515
153.828,1.05297,3.46591,-128.79578
153.946,1.06055,3.34783,-128.82062
154.082,1.06608,3.12024,-128.82367
154.127,1.21976,2.93943,-128.82393
154.247,1.64594,3.15915,-128.84596
154.376,1.54358,3.65229,-128.87181
154.427,1.58832,4.12315,-128.89824
154.549,1.57613,4.67224,-128.94215
154.686,1.13992,3.81004,-128.95174
154.727,0.71351,3.22470,-128.95396
154.847,0.14227,3.51658,-128.98503
154.992,0.04184,4.36999,-128.98668
155.029,-0.06578,4.55880,-128.95824
155.148,0.06863,4.64720,-128.94154
155.285,0.61068,4.37864,-129.00507
155.328,0.67832,4.35905,-129.00090
155.448,0.94287,4.25493,-129.00237
155.576,0.84696,4.09404,-128.98856
155.628,0.92023,4.29719,-128.96965
155.750,0.58253,4.83910,-128.97989
155.878,0.30029,4.88542,-128.96513
155.930,0.02437,4.53381,-128.94695
156.048,-0.13600,3.91863,-128.95064
156.193,0.06660,3.71376,-128.97308
156.231,0.04053,3.89641,-128.98393
156.354,-0.05220,4.18861,-128.98230
156.490,-0.46278,3.97703,-128.95613
156.529,-0.45139,3.97991,-128.94731
156.649,-0.72391,3.82539,-128.93712
156.782,-0.69894,3.88590,-128.95828
156.829,-0.76544,3.81925,-128.95479
156.952,-0.78465,3.56024,-128.95842
157.097,-0.95237,3.19540,-128.94620
157.129,-0.96942,3.24722,-128.94864
157.249,-0.98362,3.31869,-128.95244
157.392,-0.86229,3.50188,-128.95251
157.431,-0.98940,3.31129,-128.93974
157.549,-0.97001,3.34918,-128.93263
157.707,-0.94040,3.27683,-128.90129
157.730,-0.93400,3.41782,-128.89392
157.850,-0.92254,3.64690,-128.85277
157.970,-0.76726,3.87002,-128.80191
158.031,-0.82915,3.67372,-128.76636
158.158,-0.56898,3.95985,-128.70686
158.294,-0.63084,3.85270,-128.64726
158.330,-0.66525,3.90261,-128.62009
158.452,-0.59837,3.81571,-128.58105
158.571,-0.64701,3.65926,-128.52086
158.634,-0.51533,3.93868,-128.45242
158.752,-0.40376,3.76086,-128.38507
158.886,-0.19896,4.02028,-128.33287
158.932,-0.17425,4.05626,-128.30386
159.051,-0.07022,4.82921,-128.25066
159.183,-0.57460,4.78697,-128.16476
159.231,-0.61284,4.78272,-128.13568
159.352,-0.64819,4.77749,-128.09509
159.488,-0.64422,4.31540,-128.10152
159.531,-0.57183,4.49324,-128.10011
159.654,-0.17343,5.03292,-128.14375
159.795,-0.06060,5.05037,-128.22461
159.832,-0.24785,4.87230,-128.25208
159.953,-0.43583,5.33857,-128.31187
160.081,-0.89090,4.77528,-128.33783
160.135,-0.97791,4.06026,-128.40726
160.252,-0.87714,3.96232,-128.46530
160.394,-0.87526,4.15733,-128.52730
160.433,-0.84388,4.31429,-128.54968
160.553,-1.11714,4.17699,-128.59558
160.694,-1.18225,4.26246,-128.63728
160.735,-0.99654,4.50785,-128.67728
160.854,-0.84753,5.19933,-128.71301
160.994,-0.78777,5.33939,-128.75995
161.033,-0.71248,5.33038,-128.81102
161.153,-0.60733,4.37945,-128.87178
161.292,-0.38442,5.02312,-128.88618
161.335,-0.22761,4.69113,-128.89983
161.454,-0.03701,5.54774,-128.90085
161.591,0.47975,6.37415,-128.93259
161.635,0.66972,6.16622,-128.95230
161.754,0.38339,5.46708,-128.92505
161.883,0.67417,5.49847,-128.94374
161.934,0.58041,5.16703,-128.94409
162.056,0.44318,5.60196,-128.90582
162.192,0.34588,5.97241,-128.88264
162.234,0.37559,6.33755,-128.86575
162.354,-0.06058,6.08486,-128.78822
162.496,0.10674,6.14417,-128.79347
162.537,0.23912,6.71299,-128.76793
162.655,0.46071,6.71403,-128.76682
162.786,0.51447,6.56767,-128.74890
162.835,0.58288,6.46449,-128.72722
162.955,0.70955,6.45400,-128.70886
163.096,0.91328,6.81586,-128.67897
163.135,0.86012,6.82178,-128.66754
163.256,0.81321,6.71745,-128.65019
163.382,0.59603,6.44213,-128.62550
163.437,0.57064,6.58738,-128.62744
163.555,-0.09924,6.66917,-128.58362
163.675,-0.44488,7.02022,-128.52486
163.738,-0.61345,7.26617,-128.47684
163.856,-0.75167,6.92345,-128.40923
163.990,-0.28554,7.19299,-128.35570
164.036,-0.15860,7.21279,-128.33040
164.156,-0.07214,7.17145,-128.27951
164.293,0.00515,7.36088,-128.22647
164.336,0.10999,7.60150,-128.19762
164.458,0.23202,7.76380,-128.12114
164.587,0.28030,7.92110,-128.11516
164.637,0.16390,7.61878,-128.08711
164.757,0.07702,7.77569,-128.01297
164.892,-0.13830,8.06781,-127.94239
164.939,-0.32991,8.04014,-127.88415
165.057,-0.25598,7.93764,-127.82434
165.196,-0.15646,8.36161,-127.78175
165.237,-0.14436,8.40055,-127.77089
165.357,-0.19504,8.59462,-127.73975
165.480,-0.14215,8.76381,-127.73273
165.537,-0.09499,8.86130,-127.72304
165.659,-0.13009,8.88470,-127.69771
165.796,-0.09096,9.03634,-127.67702
165.838,-0.04828,9.04031,-127.67289
165.958,0.17034,8.74234,-127.67151
166.104,0.19095,8.97881,-127.66313
166.139,0.34988,9.00480,-127.67877
166.258,0.35287,8.70325,-127.67751
166.389,0.25545,8.93274,-127.74938
166.438,0.19734,9.00009,-127.76593
166.558,0.15089,8.95918,-127.81953
166.702,0.02542,8.84004,-127.83915
166.738,0.00445,8.84289,-127.84084
166.861,-0.06431,9.13925,-127.90502
166.992,-0.09867,9.04020,-127.94522
167.039,-0.07471,8.96901,-127.97206
167.159,-0.15263,9.41264,-128.01161
167.303,-0.37492,9.56735,-128.06880
167.341,-0.47312,9.84558,-128.10820
167.461,-0.57668,9.88056,-128.12891
167.610,-0.60934,9.56658,-128.17397
167.639,-0.66550,9.59235,-128.19711
167.759,-0.59942,9.51576,-128.23260
167.822,-0.38177,9.17141,-128.28262
167.940,-0.39759,8.85385,-128.30762
168.063,-0.34240,8.51913,-128.37794
168.191,-0.20110,8.15677,-128.42143
168.240,-0.12039,7.99186,-128.43764
168.360,0.07464,7.84325,-128.48842
168.481,0.11901,7.81714,-128.53198
168.542,0.02711,7.62540,-128.56139
168.660,0.04870,7.61819,-128.63652
168.782,-0.00947,7.71389,-128.70959
168.841,-0.11329,7.42746,-128.71448
168.960,-0.25612,7.19593,-128.74385
169.023,-0.27017,6.95811,-128.76126
169.141,-0.29332,6.96837,-128.78145
169.265,-0.12079,7.02176,-128.83127
169.382,-0.08932,7.06683,-128.86790
169.441,-0.05324,7.20343,-128.87372
169.561,0.12912,7.49351,-128.92221
169.622,0.18748,7.32785,-128.93758
169.743,0.16004,7.35283,-128.99191
169.862,0.11778,7.39912,-129.04233
169.923,0.13600,7.42806,-129.05737
170.042,0.10391,7.37479,-129.07974
170.161,0.12262,7.60112,-129.10138
170.226,0.18388,7.65365,-129.14781
170.342,0.08157,7.31559,-129.17715
170.464,0.21538,7.48743,-129.20578
170.523,0.34498,7.46548,-129.21666
170.643,0.57163,7.47424,-129.23380
170.762,0.59742,7.59141,-129.24565
170.830,0.52600,7.65615,-129.24875
170.943,0.75057,7.72342,-129.31227
171.063,0.82035,7.85884,-129.39423
171.124,0.89267,7.89739,-129.44734
171.244,0.84310,7.62636,-129.56465
171.363,0.89942,7.52803,-129.65282
171.425,0.96986,7.63895,-129.69385
171.544,1.05243,7.63183,-129.85089
171.664,1.24369,7.63292,-130.02350
171.725,1.49519,7.90239,-130.25708
171.843,1.54896,7.92161,-130.50562
171.965,1.55870,8.06008,-130.74878
172.024,1.56993,8.16811,-130.87057
172.144,1.74136,8.18449,-131.14510
172.263,2.02541,8.06142,-131.73584
172.324,2.09053,8.03874,-131.94769
172.446,2.34415,7.68507,-132.43304
172.566,2.63716,7.37603,-133.02170
172.625,2.84387,7.36590,-133.36101
172.745,3.48499,7.88559,-134.53038
172.864,3.78275,7.71053,-135.42197
172.928,3.84667,7.91465,-135.87621
173.045,3.99105,8.01470,-136.80344
173.166,4.37173,6.98519,-138.30064
173.224,4.47113,6.49748,-138.80351
173.346,4.45930,6.30916,-139.84866
173.466,4.43244,6.14995,-140.92387
173.526,4.16586,6.16607,-141.41203
173.648,4.33449,5.56147,-143.06328
173.765,4.75610,4.79654,-144.32782
173.826,4.96304,4.46296,-144.95442
173.947,5.21684,3.76780,-146.22292
174.067,5.12644,3.10094,-147.52795
174.128,5.18660,2.87345,-148.86186
174.246,5.72450,2.19857,-150.17798
174.367,6.30662,1.78592,-151.58755
174.426,6.51417,1.57550,-152.33791
174.546,6.68438,1.33778,-153.89009
174.667,6.63798,1.26822,-156.25513
174.726,6.79969,1.33617,-157.09216
174.849,7.37794,1.41615,-158.78720
174.967,7.50592,1.48437,-160.41418
175.028,7.53536,1.52485,-161.22386
175.147,7.71761,1.35729,-163.69447
175.267,7.86654,0.86358,-165.31079
175.328,7.94508,0.52457,-166.12425
175.447,8.20784,0.37959,-167.79599
175.569,8.28263,-0.62170,-170.27505
175.627,8.25216,-0.94124,-171.12135
175.748,7.88132,-1.67780,-172.79887
175.867,8.06795,-1.94978,-174.42938
175.928,8.30693,-1.86969,-175.23807
176.050,9.21746,-1.59417,-177.68857
176.168,10.08883,-0.72949,-179.35388
176.228,10.60959,-0.55532,179.75421
176.348,11.74513,0.08326,178.09219
176.468,12.72115,0.19518,176.33247
176.530,13.35438,0.13409,174.54103
176.649,14.03901,0.16203,172.80191
176.769,14.56817,-0.44862,171.13503
176.828,14.62760,-0.54455,170.32298
176.948,14.26375,-0.78057,168.74394
177.069,13.57007,-1.15876,166.59111
177.141,13.17664,-1.17414,166.00330
177.250,11.82965,-1.10866,165.09995
177.369,10.52591,-1.66536,164.42604
177.441,10.01194,-1.80115,164.19101
177.549,9.53968,-2.39979,163.72334
177.669,9.11233,-1.67458,163.57713
177.732,8.62731,-1.03442,163.58528
177.849,7.60938,-0.58470,163.79665
177.973,7.38960,0.00429,164.39415
178.056,7.36403,-0.15212,164.62457
178.149,7.45182,0.09064,165.15422
178.269,7.13004,0.41974,165.79897
178.349,7.10597,0.77356,166.14459
178.451,6.54863,0.97394,167.32697
178.569,6.01724,0.69356,168.25137
178.648,5.73675,0.65317,168.76215
178.752,4.98889,0.26124,169.82526
178.871,4.17323,-0.32182,170.93983
178.946,4.03512,-0.38284,172.09435
179.050,4.02545,0.34353,173.36317
179.172,2.75786,0.17197,174.72516
179.260,2.15907,-0.14268,175.41327
179.351,1.74424,-0.17041,176.83466
179.470,1.23923,0.52816,179.13831
179.553,0.96945,0.87484,179.82472
179.653,0.18319,0.57544,-178.55040
179.771,-0.06740,0.82094,-176.99283
179.855,-0.08777,0.77065,-176.15706
179.957,-1.22455,0.89209,-173.55261
180.073,-1.49426,0.94230,-171.81461
180.132,-1.56869,1.28996,-170.95496
180.260,-1.77145,0.81082,-169.15450
180.375,-2.48659,0.58634,-166.42529
180.431,-2.67674,0.79292,-165.54007
180.573,-2.94820,1.27658,-163.73169
180.672,-3.46113,1.16161,-161.85959
180.731,-3.71392,0.99388,-160.90909
180.871,-4.47274,0.46728,-158.08696
180.972,-4.96613,0.07807,-156.17992
181.032,-5.26386,0.10996,-155.22510
181.155,-5.88420,-0.04215,-153.36374
181.280,-6.27253,-0.06136,-151.50006
181.335,-6.41194,-0.09975,-149.60915
181.458,-6.63763,0.21498,-147.73701
181.585,-7.23375,0.15708,-145.82666
181.632,-7.42028,0.28542,-144.85103
181.753,-7.74949,0.37870,-142.96321
181.889,-7.55490,0.47462,-140.30881
181.933,-7.19402,0.55610,-139.51912
182.054,-6.85112,0.06774,-138.04942
182.192,-6.74559,-0.34627,-136.73201
182.233,-6.61622,-0.48450,-136.14134
182.353,-5.80916,-0.85317,-134.53922
182.502,-5.69011,-0.84283,-133.63528
182.535,-5.57944,-1.04893,-133.20213
182.654,-5.92282,-0.20913,-132.41643
182.800,-5.40337,-0.27944,-131.50677
182.833,-5.13232,-0.32552,-131.32140
182.955,-4.71652,0.41717,-130.97603
183.076,-4.31034,0.57434,-130.69044
183.134,-4.15117,0.82041,-130.55383
183.256,-3.75377,1.34890,-130.22319
183.389,-3.45639,1.83524,-130.14755
183.435,-3.26576,2.14221,-130.14998
183.556,-2.63304,1.74592,-130.20743
183.697,-2.47039,1.60124,-130.33678
183.737,-2.60416,2.29181,-130.44704
183.855,-2.73002,2.73561,-130.57770
183.976,-3.05187,3.12122,-130.71910
184.037,-3.00040,3.41369,-130.79482
184.156,-3.09518,3.63528,-130.96126
184.288,-3.29013,4.03037,-131.28346
184.335,-3.18624,4.25184,-131.43428
184.455,-3.31755,4.37656,-131.76634
184.588,-3.04073,4.61813,-132.13925
184.635,-2.97874,4.91928,-132.32707
184.757,-2.67997,5.21634,-132.96198
184.890,-2.13448,5.48624,-133.49969
184.935,-1.87905,5.42175,-133.79770
185.055,-1.03678,5.40116,-134.51071
185.199,-0.60042,5.23300,-135.25346
185.238,-0.42505,4.97116,-135.99129
185.362,-0.09409,4.88501,-136.77591
185.483,0.52164,5.15160,-137.62405
185.536,0.80076,5.39619,-138.06824
185.656,1.40807,5.53402,-139.05244
185.792,2.24746,5.51721,-140.74471
185.837,2.55390,5.47461,-141.36708
185.958,3.22183,5.04228,-142.64497
186.095,3.62047,4.96683,-143.92754
186.137,3.80963,4.65218,-144.56190
186.257,4.14578,4.24642,-146.46648
186.401,4.47242,4.20981,-147.75546
186.438,4.89230,4.43404,-148.42052
186.557,5.04930,4.00503,-149.68872
186.689,5.15739,3.99119,-151.50902
186.737,5.08861,3.81491,-152.08470
186.858,5.31641,3.47193,-153.21497
186.996,5.45903,2.93343,-154.33423
187.038,5.59947,3.08535,-154.89763
187.160,5.94645,2.85108,-156.60826
187.315,5.99209,2.82985,-157.75081
187.338,6.02506,2.62391,-158.33002
187.458,6.23863,2.21268,-159.50862
187.592,6.36105,1.96044,-160.67384
187.640,6.47663,1.92752,-161.83365
187.758,6.62800,1.85193,-163.03323
187.887,6.76467,1.76243,-164.23036
187.938,6.83221,1.69981,-164.82288
188.058,7.00343,1.52885,-166.05106
188.179,7.35416,1.46592,-167.88432
188.240,7.36812,1.33887,-168.48129
188.361,7.51063,1.20113,-169.68938
188.479,7.69967,1.11338,-170.90094
188.540,7.81651,1.07400,-171.51532
188.659,7.92933,0.68046,-173.30072
188.779,7.82297,0.55886,-174.37572
188.841,7.61125,0.38216,-174.84247
188.959,7.52939,0.61729,-175.68213
189.082,7.63312,0.95268,-176.91760
189.141,7.66614,0.94861,-177.34384
189.260,7.79584,0.73325,-178.16898
189.322,7.69614,0.90301,-178.56769
189.441,7.29418,1.02075,-179.26424
189.562,6.42123,0.79326,179.83336
189.683,5.94180,0.57598,179.52805
189.741,5.77566,0.28392,179.35744
189.860,5.43619,0.55657,179.08258
189.980,5.24544,0.61764,178.84795
190.043,5.14277,0.80412,178.66078
190.161,4.79243,0.82309,178.54431
190.282,4.20837,0.48267,178.57019
190.341,3.91556,0.30292,178.59698
190.461,3.55398,0.06364,178.69203
190.523,3.30684,-0.11905,178.77896
190.641,3.07761,0.10972,178.85231
190.763,2.89904,0.77624,178.89212
190.822,2.82941,0.67073,178.91924
190.943,2.70130,0.61984,178.96634
191.061,2.12907,0.09307,179.02533
191.123,1.89765,0.27332,179.05032
191.243,1.43438,0.13692,179.08221
191.362,1.06803,0.27501,179.09953
191.422,0.83554,0.39604,179.13342
191.543,0.32306,0.77034,179.19669
191.662,-0.07738,0.75720,179.22418
191.727,-0.08647,0.67713,179.25398
191.843,-0.21418,0.55543,179.26775
191.966,-0.20576,-0.03053,179.32443
192.022,-0.18295,0.14751,179.33348
192.143,-0.07731,0.02928,179.39934
192.263,-0.16241,0.47370,179.45316
192.323,-0.17111,1.00466,179.45255
192.445,-0.27911,0.94024,179.53329
192.563,-0.53268,0.70548,179.59784
192.623,-0.48153,1.02500,179.60178
192.744,-0.70807,1.25718,179.69371
192.863,-0.61915,0.95775,179.75182
192.926,-0.42178,1.23797,179.78249
193.044,-0.48803,1.16111,179.88300
193.165,-0.36216,1.54364,179.91640
193.225,-0.34351,1.71250,179.85707
193.345,-0.49124,1.70959,-179.87396
193.464,-0.79305,1.54465,-179.91528
193.525,-0.78351,1.99421,-179.80719
193.646,-0.83699,2.71464,-179.84024
193.764,-0.85010,2.92089,-179.84706
193.824,-0.93696,2.98384,-179.84735
193.945,-0.69505,3.44867,-179.83363
194.066,-0.55462,3.72616,-179.85066
194.126,-0.35058,3.91030,-179.81322
194.245,-0.26239,3.92017,-179.80746
194.367,0.39131,4.29994,-179.83325
194.425,0.44477,4.19483,-179.81442
194.546,0.69187,4.00870,-179.79680
194.665,0.88673,3.83526,-179.79716
194.725,1.11233,3.73624,-179.84033
194.850,1.26802,4.16341,-179.82037
194.965,1.22511,4.44008,-179.79550
195.027,1.26437,4.44872,-179.77910
195.148,1.25449,4.61649,-179.77908
195.266,1.28398,4.51636,-179.73509
195.342,1.34267,4.70558,-179.75099
195.447,1.32735,4.53647,-179.79141
195.566,1.07425,4.25515,-179.76848
195.627,0.91577,4.20642,-179.77856
195.747,0.90997,5.00974,-179.75699
195.866,0.84407,5.06729,-179.73965
195.937,0.84946,5.11598,-179.74962
196.046,0.95496,5.41661,-179.70444
196.167,0.96502,5.41040,-179.71066
196.238,0.96414,5.28928,-179.69360
196.350,0.92010,5.24184,-179.72650
196.468,0.83511,5.76973,-179.70709
196.538,0.83224,5.84149,-179.73051
196.647,0.66233,5.76625,-179.68687
196.768,0.70716,5.93037,-179.70279
196.850,0.77215,6.06573,-179.68764
196.949,0.83868,6.41602,-179.71191
197.069,1.12078,6.47640,-179.75012
197.152,1.27212,6.74297,-179.75417
197.247,1.36281,6.65620,-179.79344
197.368,1.62139,6.33236,-179.86552
197.446,1.86265,6.49899,179.17426
197.550,1.82264,6.95147,-179.84038
197.668,1.93425,6.96213,-179.82367
197.733,2.08781,6.85170,-179.85036
197.848,2.44395,7.23507,-179.96437
197.968,2.57254,7.41279,179.99684
198.047,2.54586,7.43811,179.98550
198.149,2.82670,7.62285,179.78360
198.271,3.28650,8.03358,179.47223
198.357,3.41283,8.34851,179.41292
198.450,3.81677,8.56418,179.18822
198.569,4.11304,8.64328,179.01701
198.651,4.07183,8.61280,178.97040
198.752,4.54823,8.87942,178.68773
198.869,4.81342,9.04572,178.50427
198.952,4.87897,9.23160,178.40933
199.050,5.07169,9.60328,178.23917
199.171,5.17163,9.50223,178.07993
199.231,5.38845,9.12848,177.93819
199.350,5.57808,8.93573,177.80405
199.471,5.57989,8.63637,177.62912
199.537,5.65150,8.52464,177.53467
199.649,5.68444,8.73596,177.39819
199.770,5.90733,8.55338,177.18648
199.830,5.89032,8.37086,177.13361
199.952,5.91347,8.35873,176.97859
200.070,5.92691,8.27168,176.81526
200.143,6.01690,8.24836,176.69267
200.251,6.22606,8.04259,176.20518
200.371,6.51403,7.83357,175.71637
200.436,6.63194,7.85006,175.43623
200.550,6.59360,7.93345,174.84877
200.675,6.47622,7.80595,174.01665
200.751,6.56346,7.77713,173.71101
200.852,6.88760,7.70308,172.96484
200.971,7.35376,7.65167,172.03238
201.041,7.54821,7.68872,171.50597
201.154,7.81487,7.61425,169.84381
201.271,7.88913,7.57604,168.69882
201.333,7.88502,7.65728,168.12627
201.453,7.63190,7.95108,166.99586
201.571,7.31509,8.03024,165.91525
201.649,7.10307,8.03130,164.82895
201.752,6.82015,8.20761,163.76671
201.877,6.25247,8.13706,162.85818
201.932,6.09469,8.11718,162.42485
202.071,6.34786,8.22006,161.56259
202.172,6.38761,7.85552,160.28284
202.232,6.20633,7.75242,159.83989
202.370,5.39068,7.51738,158.96202
202.473,5.14813,7.22071,158.06050
202.532,5.46521,7.34417,157.56329
202.667,6.55687,7.09200,155.94574
202.773,6.74395,7.47184,154.77376
202.834,6.71246,7.62009,154.18265
202.968,6.30515,8.04473,152.98529
203.075,6.12373,7.92240,151.15662
203.133,6.25249,7.95121,150.56476
203.268,6.48909,8.03840,149.31091
203.375,6.91888,8.27182,147.92003
203.433,6.94585,8.41390,147.23236
203.568,6.94521,8.26535,145.16023
203.675,6.73895,8.44520,143.86714
203.735,6.68281,8.41854,143.20992
203.870,6.77300,8.61062,141.84454
203.975,6.81760,8.67114,140.56380
204.036,6.96718,8.52440,139.26833
204.162,6.82181,8.55255,137.96036
204.277,6.49344,8.31331,136.71840
204.334,6.45619,8.40980,136.01503
204.475,6.52183,9.03366,134.70549
204.575,7.05026,8.75549,133.00179
204.635,7.06525,8.64016,132.33731
204.773,6.89565,8.91053,131.09496
204.877,6.94779,8.55771,130.06699
204.936,6.98188,7.53594,129.52495
205.073,6.41745,6.75084,127.85868
205.175,5.51349,6.86544,126.88153
205.236,5.09331,6.85088,126.54361
205.368,5.28537,6.09886,125.53146
205.478,5.63982,4.22176,124.12903
205.535,5.47083,3.79442,123.68329
205.677,5.09830,3.95782,122.73866
205.776,4.47681,3.90855,121.94740
205.835,4.25988,3.79574,121.60896
205.972,3.39808,4.25958,120.87859
206.076,2.80222,5.31161,120.49741
206.136,2.79257,5.36707,120.35457
206.257,3.22077,4.83838,120.23290
206.376,3.35207,4.46699,119.96502
206.438,2.87858,4.39255,119.76154
206.557,2.41839,4.49823,119.80257
206.678,2.24194,4.79724,119.75406
206.736,2.23758,4.78085,119.79675
206.864,2.18367,4.85499,119.83232
206.977,1.81076,5.10176,119.81697
207.036,1.73831,5.19831,119.88091
207.171,1.60410,5.45567,120.02310
207.278,1.50213,5.64769,120.12433
207.337,1.47579,5.62112,120.20232
207.463,1.46904,5.79033,120.40083
207.578,1.43340,6.03333,120.46307
207.638,1.34167,6.05844,120.50272
207.775,1.27724,6.17968,120.62608
207.880,1.26240,6.32134,120.67181
207.937,1.20078,6.30773,120.69981
208.071,1.11400,6.38823,120.79170
